Title,Brand,Model_Name,Price,Rating,num_of_Reviews,Color,Quick_Charge,Operating_System,_storage
APPLE iPhone 13 (Pink 128 GB),APPLE,iPhone 13,52499,4.7,12745,Pink,Yes,iOS 15,128 GB
POCO C51 (Power Black 64 GB),POCO,C51,6499,4.1,4449,Power Black,Yes,Android 13,64 GB
OnePlus Nord CE 2 Lite 5G (Black Dusk 128 GB),OnePlus,Nord CE 2 Lite 5G,17196,4.4,7728,Black Dusk,,Android 13,128 GB
realme 11x 5G (Purple Dawn 128 GB),realme,11x 5G,15999,4.3,220,Purple Dawn,,Android 13,128 GB
POCO C55 (Power Black 128 GB),POCO,C55,8499,4.1,2942,Power Black,Yes,Android 12,128 GB
APPLE iPhone 13 (Starlight 128 GB),APPLE,iPhone 13,52499,4.7,12745,Starlight,Yes,iOS 15,128 GB
POCO C51 (Royal Blue 64 GB),POCO,C51,6499,4.1,4449,Royal Blue,Yes,Android 13,64 GB
vivo T2x 5G (Marine Blue 128 GB),vivo,T2x 5G,12999,4.4,4342,Marine Blue,Yes,Android 13,128 GB
MOTOROLA g84 5G (Marshmallow Blue 256 GB),MOTOROLA,g84 5G,19999,4.2,223,Marshmallow Blue,Yes,Android 13,256 GB
vivo T2x 5G (Glimmer Black 128 GB),vivo,T2x 5G,12999,4.4,4342,Glimmer Black,Yes,Android 13,128 GB
realme 11x 5G (Midnight Black 128 GB),realme,11x 5G,15999,4.3,220,Midnight Black,,Android 13,128 GB
vivo T2x 5G (Aurora Gold 128 GB),vivo,T2x 5G,12999,4.4,4342,Aurora Gold,Yes,Android 13,128 GB
vivo T2x 5G (Marine Blue 128 GB),vivo,T2x 5G,13999,4.4,8322,Marine Blue,Yes,Android 13,128 GB
OnePlus Nord CE 3 Lite 5G (Pastel Lime 128 GB),OnePlus,Nord CE 3 Lite 5G,19999,4.4,545,Pastel Lime,,Android Android 13,128 GB
vivo T2x 5G (Glimmer Black 128 GB),vivo,T2x 5G,13999,4.4,8322,Glimmer Black,Yes,Android 13,128 GB
POCO C55 (Forest Green 128 GB),POCO,C55,8499,4.1,2942,Forest Green,Yes,Android 12,128 GB
vivo T2x 5G (Aurora Gold 128 GB),vivo,T2x 5G,15999,4.3,1884,Aurora Gold,Yes,Android 13,128 GB
POCO C51 - Locked with Airtel Prepaid (Royal Blue 64 GB),POCO,C51,5999,4.1,4449,Royal Blue,Yes,Android 13,64 GB
REDMI 12 (Moonstone Silver 128 GB),REDMI,12,9999,4.2,1578,Moonstone Silver,Yes,Android 13,128 GB
vivo T2x 5G (Glimmer Black 128 GB),vivo,T2x 5G,15999,4.3,1884,Glimmer Black,Yes,Android 13,128 GB
POCO C55 (Cool Blue 128 GB),POCO,C55,8499,4.1,2942,Cool Blue,Yes,Android 12,128 GB
vivo T2x 5G (Marine Blue 128 GB),vivo,T2x 5G,15999,4.3,1884,Marine Blue,Yes,Android 13,128 GB
Infinix SMART 7 (Night Black 64 GB),Infinix,SMART 7,7499,4.3,3767,Night Black,,Android 12,64 GB
MOTOROLA g13 (Lavender Blue 128 GB),MOTOROLA,g13,9999,4,4324,Lavender Blue,,Android 13,128 GB
APPLE iPhone 13 (Midnight 128 GB),APPLE,iPhone 13,52499,4.7,12745,Midnight,Yes,iOS 15,128 GB
vivo T2x 5G (Aurora Gold 128 GB),vivo,T2x 5G,13999,4.4,8322,Aurora Gold,Yes,Android 13,128 GB
Infinix HOT 30i (Marigold 64 GB),Infinix,HOT 30i,8399,4.2,1033,Marigold,Yes,Android 12,64 GB
Infinix HOT 30i (Glacier Blue 64 GB),Infinix,HOT 30i,8399,4.2,1033,Glacier Blue,Yes,Android 12,64 GB
MOTOROLA g73 5G (Lucent White 128 GB),MOTOROLA,g73 5G,18999,4,3631,Lucent White,Yes,Android 13,128 GB
Infinix HOT 30i (Mirror Black 128 GB),Infinix,HOT 30i,9499,4.2,4916,Mirror Black,Yes,Android 12,128 GB
Infinix HOT 30i (Diamond White 64 GB),Infinix,HOT 30i,8399,4.2,1033,Diamond White,Yes,Android 12,64 GB
Infinix HOT 30i (Glacier Blue 128 GB),Infinix,HOT 30i,9499,4.2,4916,Glacier Blue,Yes,Android 12,128 GB
APPLE iPhone 13 (Blue 128 GB),APPLE,iPhone 13,52499,4.7,12745,Blue,Yes,iOS 15,128 GB
Infinix HOT 30i (Marigold 128 GB),Infinix,HOT 30i,9499,4.2,4916,Marigold,Yes,Android 12,128 GB
realme C53 (Champion Gold 64 GB),realme,C53,10999,4.4,1433,Champion Gold,Yes,Android 13,64 GB
vivo V29e 5G (Artistic Blue 128 GB),vivo,V29e 5G,26999,4.4,527,Artistic Blue,,Android 13,128 GB
Infinix HOT 30i (Diamond White 128 GB),Infinix,HOT 30i,9499,4.2,4916,Diamond White,Yes,Android 12,128 GB
realme 11 Pro+ 5G (Oasis Green 256 GB),realme,11 Pro+ 5G,29999,4.3,986,Oasis Green,Yes,Android 13,256 GB
MOTOROLA g84 5G (Midnight Blue 256 GB),MOTOROLA,g84 5G,19999,4.2,223,Midnight Blue,Yes,Android 13,256 GB
POCO C55 (Forest Green 64 GB),POCO,C55,7499,4.2,3639,Forest Green,Yes,Android 12,64 GB
POCO C55 (Cool Blue 64 GB),POCO,C55,7499,4.2,3639,Cool Blue,Yes,Android 12,64 GB
POCO M6 Pro 5G (Forest Green 128 GB),POCO,M6 Pro 5G,12999,4.3,539,Forest Green,Yes,Android 13,128 GB
vivo V29e 5G (Artistic Red 128 GB),vivo,V29e 5G,26999,4.4,527,Artistic Red,,Android 13,128 GB
vivo V29e 5G (Artistic Red 256 GB),vivo,V29e 5G,28999,4.4,527,Artistic Red,,Android 13,256 GB
realme C53 (Champion Black 128 GB),realme,C53,9999,4.1,999,Champion Black,Yes,Android 13,128 GB
realme C53 (Champion Gold 128 GB),realme,C53,9999,4.1,999,Champion Gold,Yes,Android 13,128 GB
REDMI A2 (Sea Green 64 GB),REDMI,A2,6900,4.1,39,Sea Green,,Android Android 13,64 GB
REDMI A2 (Classic Black 64 GB),REDMI,A2,6799,4.1,261,Classic Black,,Android Android 13,64 GB
MOTOROLA g14 (Pale Lilac 128 GB),MOTOROLA,g14,9999,4.1,656,Pale Lilac,,Android 13,128 GB
realme C53 (Champion Black 64 GB),realme,C53,10999,4.4,1433,Champion Black,Yes,Android 13,64 GB
REDMI A2 (Aqua Blue 64 GB),REDMI,A2,6806,4.1,261,Aqua Blue,,Android Android 13,64 GB
MOTOROLA e13 (Cosmic Black 64 GB),MOTOROLA,e13,7999,4,4342,Cosmic Black,,Android 13 (Go Edition),64 GB
MOTOROLA Edge 40 (Nebula Green 256 GB),MOTOROLA,Edge 40,29999,4.2,3687,Nebula Green,Yes,Android 13,256 GB
realme 11 Pro+ 5G (Astral Black 256 GB),realme,11 Pro+ 5G,27999,4.3,2701,Astral Black,Yes,Android 13,256 GB
Nokia 105 Single SIM Keypad Mobile Phone with Wireless FM Radio,Nokia,"105 Single SIM, Keypad Mobile Phone with Wireless FM Radio",1549,4.1,2920,Terracotta Red,No,,32 MB
REDMI A2 (Aqua Blue 32 GB),REDMI,A2,7129,4.1,39,Aqua Blue,,Android Android 13,32 GB
SAMSUNG Galaxy F13 (Waterfall Blue 64 GB),SAMSUNG,Galaxy F13,10999,4.3,9877,Waterfall Blue,,Android 12,64 GB
MOTOROLA e32 (Eco Black 64 GB),MOTOROLA,e32,8999,3.9,1515,Eco Black,,Android 12,64 GB
Infinix Note 30 5G (Sunset Gold 128 GB),Infinix,Note 30 5G,14999,4.1,290,Sunset Gold,,Android 13,128 GB
REDMI A2 (Sea Green 64 GB),REDMI,A2,6746,4.1,261,Sea Green,,Android Android 13,64 GB
MOTOROLA g54 5G (Pearl Blue 256 GB),MOTOROLA,g54 5G,18999,3.9,159,Pearl Blue,Yes,Android 13,256 GB
OPPO Reno10 5G (Ice Blue 256 GB),OPPO,Reno10 5G,32999,4.2,2712,Ice Blue,Yes,Android 13,256 GB
OPPO Reno10 5G (Silvery Grey 256 GB),OPPO,Reno10 5G,32999,4.2,2712,Silvery Grey,Yes,Android 13,256 GB
APPLE iPhone 14 (Blue 128 GB),APPLE,iPhone 14,64999,4.6,1889,Blue,,iOS 16,128 GB
POCO M6 Pro 5G (Forest Green 64 GB),POCO,M6 Pro 5G,10999,4.4,967,Forest Green,Yes,Android 13,64 GB
REDMI 12 5G (Pastel Blue 128 GB),REDMI,12 5G,14497,4.3,84,Pastel Blue,,Android Android 13 With MIUI 14,128 GB
REDMI 12 5G (Jade Black 128 GB),REDMI,12 5G,14475,4.3,84,Jade Black,,Android MIUI 14 With Android 13,128 GB
APPLE Iphone 15 (Green 128 GB),APPLE,Iphone 15,79900,4.8,21,Green,,iOS 17,128 GB
realme 11 Pro 5G (Astral Black 256 GB),realme,11 Pro 5G,27999,4.3,85,Astral Black,Yes,Android 13,256 GB
APPLE iPhone 11 (Black 128 GB),APPLE,iPhone 11,40999,4.6,11429,Black,,iOS 14.2,128 GB
MOTOROLA g54 5G (Mint Green 128 GB),MOTOROLA,g54 5G,15999,4.1,137,Mint Green,Yes,Android 13,128 GB
OnePlus Nord CE 3 Lite 5G (Pastel Lime 256 GB),OnePlus,Nord CE 3 Lite 5G,21990,4.4,545,Pastel Lime,,Android Android 13,256 GB
OnePlus Nord CE 3 Lite 5G (Chromatic Gray 128 GB),OnePlus,Nord CE 3 Lite 5G,19989,4.4,545,Chromatic Gray,,Android 13,128 GB
SAMSUNG Guru Music 2,SAMSUNG,Guru Music 2,2499,4.3,19132,White,No,1,
MOTOROLA g54 5G (Midnight Blue 128 GB),MOTOROLA,g54 5G,15999,4.1,137,Midnight Blue,Yes,Android 13,128 GB
OnePlus Nord CE 2 Lite 5G (Blue Tide 128 GB),OnePlus,Nord CE 2 Lite 5G,17341,4.4,7728,Blue Tide,,Android 10,128 GB
Infinix Note 30 5G (Sunset Gold 256 GB),Infinix,Note 30 5G,15999,4.2,2957,Sunset Gold,,Android 13,256 GB
APPLE iPhone 14 (Midnight 128 GB),APPLE,iPhone 14,64999,4.6,1889,Midnight,,iOS 16,128 GB
realme 11 Pro+ 5G (Sunrise Beige 256 GB),realme,11 Pro+ 5G,27999,4.3,2701,Sunrise Beige,Yes,Android 13,256 GB
Infinix Smart 7 HD (Silk Blue 64 GB),Infinix,Smart 7 HD,6199,5,,Silk Blue,,Android 12,64 GB
MOTOROLA g14 (Sky Blue 128 GB),MOTOROLA,g14,9999,4.1,656,Sky Blue,,Android 13,128 GB
Nokia 105 Single SIM Keypad Mobile Phone with Wireless FM Radio,Nokia,"105 Single SIM, Keypad Mobile Phone with Wireless FM Radio",1499,4.1,2920,Cyan,No,,32 MB
realme 11 Pro+ 5G (Astral Black 256 GB),realme,11 Pro+ 5G,29999,4.3,986,Astral Black,Yes,Android 13,256 GB
Infinix Smart 7 HD (Ink Black 64 GB),Infinix,Smart 7 HD,6199,4.3,1128,Ink Black,,Android 12,64 GB
Infinix Note 30 5G (Magic Black 128 GB),Infinix,Note 30 5G,14999,4.1,290,Magic Black,,Android 13,128 GB
SAMSUNG Galaxy M14 5G (Smoky Teal 128 GB),SAMSUNG,Galaxy M14 5G,14665,4.2,278,Smoky Teal,,Android Android 13.0,128 GB
Infinix Note 30 5G (Interstellar Blue 128 GB),Infinix,Note 30 5G,14999,4.1,290,Interstellar Blue,,Android 13,128 GB
MOTOROLA g54 5G (Mint Green 256 GB),MOTOROLA,g54 5G,18999,3.9,159,Mint Green,Yes,Android 13,256 GB
Infinix Note 30 5G (Interstellar Blue 256 GB),Infinix,Note 30 5G,15999,4.2,2957,Interstellar Blue,,Android 13,256 GB
MOTOROLA g14 (Steel Gray 128 GB),MOTOROLA,g14,9999,4.1,656,Steel Gray,,Android 13,128 GB
MOTOROLA g84 5G (Viva Magneta 256 GB),MOTOROLA,g84 5G,19999,4.2,223,Viva Magneta,Yes,Android 13,256 GB
MOTOROLA e13 (Creamy White 128 GB),MOTOROLA,e13,8999,3.9,136,Creamy White,,Android 13 (Go Edition),128 GB
MOTOROLA g54 5G (Midnight Blue 256 GB),MOTOROLA,g54 5G,18999,3.9,159,Midnight Blue,Yes,Android 13,256 GB
Infinix Note 30 5G (Magic Black 256 GB),Infinix,Note 30 5G,15999,4.2,2957,Magic Black,,Android 13,256 GB
POCO M5 (Icy Blue 64 GB),POCO,M5,8499,4.1,1936,Icy Blue,Yes,Android 12,64 GB
realme 11 Pro 5G (Oasis Green 128 GB),realme,11 Pro 5G,23999,4.3,3073,Oasis Green,Yes,Android 13,128 GB
Micromax X512,Micromax,X512,985,4,14,Black&Red,,,32 MB
MarQ by Flipkart M80 Jalwa,MarQ,M80 Jalwa,999,3.9,178,Black,,,32 MB
SAMSUNG Guru Music 2,SAMSUNG,Guru Music 2,2890,4.3,19132,White,No,1,
POCO X5 Pro 5G (Horizon Blue 128 GB),POCO,X5 Pro 5G,19999,4.3,1524,Horizon Blue,Yes,Android 12,128 GB
MOTOROLA e13 (Aurora Green 64 GB),MOTOROLA,e13,6999,4,635,Aurora Green,,Android 13 (Go Edition),64 GB
SAMSUNG Guru Music 2,SAMSUNG,Guru Music 2,2880,4.3,19132,Gold,,,
MOTOROLA G32 (Satin Maroon 128 GB),MOTOROLA,G32,11999,4.1,4913,Satin Maroon,,Android 12,128 GB
POCO M4 Pro (Yellow 128 GB),POCO,M4 Pro,11499,4.3,15640,Yellow,Yes,Android 11,128 GB
Infinix HOT 30 5G (Miami Orange 128 GB),Infinix,HOT 30 5G,12499,4.1,135,Miami Orange,Yes,Android 13,128 GB
REDMI Note 12 Pro 5G (Stardust Purple 128 GB),REDMI,Note 12 Pro 5G,23999,4.2,3468,Stardust Purple,Yes,Android 12,128 GB
REDMI 12 5G (Moonstone Silver 128 GB),REDMI,12 5G,13227,4.2,28,Moonstone Silver,,Android Q 13,128 GB
Micromax X512,Micromax,X512,1079,3.9,964,Blue,,,24 MB
POCO X5 5G (Jaguar Black 128 GB),POCO,X5 5G,14999,4.1,1786,Jaguar Black,Yes,Android 12,128 GB
OPPO F21 Pro (Sunset Orange 128 GB),OPPO,F21 Pro,18778,4.3,403,Sunset Orange,,Android Q Android 11,128 GB
POCO X5 5G (Wildcat Blue 128 GB),POCO,X5 5G,14999,4.1,1786,Wildcat Blue,Yes,Android 12,128 GB
MarQ by Flipkart M80 Jalwa,MarQ,M80 Jalwa,999,3.9,178,Navy Blue,,Android 12,32 MB
OnePlus Nord CE3 5G (Grey Shimmer 256 GB),OnePlus,Nord CE3 5G,28839,4.4,44,Grey Shimmer,,Android Oxygen Android 13.1,256 GB
POCO X5 5G (Jaguar Black 256 GB),POCO,X5 5G,16999,4.1,528,Jaguar Black,Yes,Android 12,256 GB
Infinix HOT 30 5G (Knight Black 128 GB),Infinix,HOT 30 5G,13499,4.2,625,Knight Black,Yes,Android 13,128 GB
OPPO A78 5G (Glowing Black 128 GB),OPPO,A78 5G,18999,4.3,190,Glowing Black,Yes,Android 13,128 GB
POCO X5 Pro 5G (Horizon Blue 256 GB),POCO,X5 Pro 5G,21999,4.3,1806,Horizon Blue,Yes,Android 12,256 GB
REDMI 12 5G (Jade Black 256 GB),REDMI,12 5G,16445,4.1,57,Jade Black,,Android Q 13,256 GB
OPPO A78 5G (Glowing Blue 128 GB),OPPO,A78 5G,18999,4.3,190,Glowing Blue,Yes,Android 13,128 GB
realme 10 Pro 5G (Hyperspace 128 GB),realme,10 Pro 5G,17999,4.3,2386,Hyperspace,,Android 13,128 GB
OnePlus 11R 5G (Sonic Black 128 GB),OnePlus,11R 5G,39988,4.5,723,Sonic Black,,Android Oxygen OxygenOS based on Android 13,128 GB
POCO M5 (Power Black 64 GB),POCO,M5,8499,4.1,1936,Power Black,Yes,Android 12,64 GB
MOTOROLA e13 (Creamy White 64 GB),MOTOROLA,e13,7999,4,4342,Creamy White,,Android 13 (Go Edition),64 GB
realme 10 Pro 5G (Dark Matter 128 GB),realme,10 Pro 5G,17999,4.3,2386,Dark Matter,,Android 13,128 GB
MOTOROLA Edge 30 Ultra (Starlight White 256 GB),MOTOROLA,Edge 30 Ultra,59999,4.2,233,Starlight White,Yes,Android 12,256 GB
OnePlus 11R 5G (Sonic Black 256 GB),OnePlus,11R 5G,44995,4.5,537,Sonic Black,,Android Oxygen OxygenOS based on Android 13,256 GB
APPLE iPhone 14 (Starlight 128 GB),APPLE,iPhone 14,64999,4.6,1889,Starlight,,iOS 16,128 GB
APPLE iPhone 14 (Purple 128 GB),APPLE,iPhone 14,64999,4.6,1889,Purple,,iOS 16,128 GB
LAVA A1 Josh with BOL,LAVA,A1 Josh with BOL,1049,4.1,45,"Blue, Silver",No,,4 MB
MarQ by Flipkart M70 Shakti,MarQ,M70 Shakti,749,3.9,557,Blue,,,32 MB
OnePlus 11R 5G (Sonic Black 128 GB),OnePlus,11R 5G,39779,4.5,723,Sonic Black,,Android Oxygen OxygenOS based on Android 13,128 GB
POCO C50 (Royal Blue 32 GB),POCO,C50,6299,4,1226,Royal Blue,Yes,Android 12 Go,32 GB
Nokia 105 Single SIM Keypad Mobile Phone with Wireless FM Radio,Nokia,"105 Single SIM, Keypad Mobile Phone with Wireless FM Radio",1499,4.1,2920,Charcoal,No,Symbian,32 MB
POCO M4 Pro (Cool Blue 128 GB),POCO,M4 Pro,12999,4.2,2008,Cool Blue,Yes,Android 11,128 GB
REDMI 12 5G (Moonstone Silver 256 GB),REDMI,12 5G,16347,4.1,57,Moonstone Silver,,Android Q 13,256 GB
MOTOROLA g14 (Butter Cream 128 GB),MOTOROLA,g14,9999,4.1,656,Butter Cream,,Android 13,128 GB
realme C53 (Champion Gold 128 GB),realme,C53,11999,4.4,1433,Champion Gold,Yes,Android 13,128 GB
realme C53 (Champion Black 128 GB),realme,C53,11999,4.4,1433,Champion Black,Yes,Android 13,128 GB
APPLE iPhone 13 (Green 128 GB),APPLE,iPhone 13,52499,4.7,12745,Green,Yes,iOS 15,128 GB
REDMI 12 5G (Pastel Blue 256 GB),REDMI,12 5G,16697,4.1,57,Pastel Blue,,Android Q 13,256 GB
Nokia 105 Single SIM Keypad Mobile Phone with Wireless FM Radio,Nokia,"105 Single SIM, Keypad Mobile Phone with Wireless FM Radio",1599,4.1,2920,Charcoal,No,,32 MB
Google Pixel 6a (Charcoal 128 GB),Google,Pixel 6a,43999,4.3,7735,Charcoal,Yes,Android 12,128 GB
realme 11 5G (Glory Black 128 GB),realme,11 5G,18999,4.3,607,Glory Black,,Android 13,128 GB
Google Pixel 6a (Chalk 128 GB),Google,Pixel 6a,43999,4.3,7735,Chalk,Yes,Android 12,128 GB
realme 11 5G (Glory Gold 256 GB),realme,11 5G,19999,4.3,607,Glory Gold,,Android 13,256 GB
realme 11 Pro 5G (Sunrise Beige 256 GB),realme,11 Pro 5G,27999,4.3,85,Sunrise Beige,Yes,Android 13,256 GB
Infinix HOT 30 5G (Miami Orange 128 GB),Infinix,HOT 30 5G,13499,4.2,625,Miami Orange,Yes,Android 13,128 GB
realme 11 5G (Glory Gold 128 GB),realme,11 5G,18999,4.3,607,Glory Gold,,Android 13,128 GB
Infinix HOT 30 5G (Knight Black 128 GB),Infinix,HOT 30 5G,12499,4.1,135,Knight Black,Yes,Android 13,128 GB
REDMI 11 Prime (Peppy Purple 128 GB),REDMI,11 Prime,10999,4.3,698,Peppy Purple,Yes,Android 12,128 GB
Micromax X512,Micromax,X512,967,4,147,Blue,,,24 MB
realme 11 5G (Glory Black 256 GB),realme,11 5G,19999,4.3,607,Glory Black,,Android 13,256 GB
SAMSUNG Guru Music 2,SAMSUNG,Guru Music 2,2499,4.3,19132,White,No,1,
APPLE iPhone 11 (Black 128 GB),APPLE,iPhone 11,40999,4.6,11429,Black,,iOS 14.2,128 GB
Infinix Smart 7 HD (Jade White 64 GB),Infinix,Smart 7 HD,6199,4.3,1128,Jade White,,Android 12,64 GB
SAMSUNG Galaxy M04 (Dark Blue 64 GB),SAMSUNG,Galaxy M04,8127,4.1,393,Dark Blue,,Android 12,64 GB
realme 11 Pro 5G (Sunrise Beige 128 GB),realme,11 Pro 5G,23999,4.3,3073,Sunrise Beige,Yes,Android 13,128 GB
Infinix Smart 7 HD (Green Apple 64 GB),Infinix,Smart 7 HD,6199,4.3,1128,Green Apple,,Android 12,64 GB
realme 11 Pro 5G (Sunrise Beige 256 GB),realme,11 Pro 5G,24999,4.3,3073,Sunrise Beige,Yes,Android 13,256 GB
SAMSUNG Guru 1200,SAMSUNG,Guru 1200,2099,4,587,Black,,,153 MB
realme 11 Pro 5G (Astral Black 128 GB),realme,11 Pro 5G,23999,4.3,3073,Astral Black,Yes,Android 13,128 GB
vivo T2 5G (Velocity Wave 128 GB),vivo,T2 5G,20999,4.4,692,Velocity Wave,Yes,Android 13,128 GB
MOTOROLA e13 (Creamy White 64 GB),MOTOROLA,e13,6999,4,635,Creamy White,,Android 13 (Go Edition),64 GB
Infinix HOT 30 5G (Aurora Blue 128 GB),Infinix,HOT 30 5G,12499,4.1,135,Aurora Blue,Yes,Android 13,128 GB
REDMI 12C (Matte Black 128 GB),REDMI,12C,8425,4.2,193,Matte Black,,Android 12,128 GB
REDMI 12C (Royal Blue 128 GB),REDMI,12C,8462,4.2,193,Royal Blue,,Android 12,128 GB
REDMI 12C (Lavender Purple 128 GB),REDMI,12C,8501,4.2,193,Lavender Purple,,Android 12,128 GB
APPLE iPhone 11 (Black 64 GB),APPLE,iPhone 11,37999,4.6,11429,Black,,iOS 14.2,64 GB
realme 10 Pro 5G (Dark Matter 128 GB),realme,10 Pro 5G,16999,4.3,2767,Dark Matter,,Android 13,128 GB
POCO M4 5G (Yellow 64 GB),POCO,M4 5G,10999,4.2,6584,Yellow,Yes,Android 12,64 GB
SAMSUNG Galaxy F14 5G (B.A.E. Purple 128 GB),SAMSUNG,Galaxy F14 5G,14990,4.2,2869,B.A.E. Purple,,Android 13,128 GB
POCO M4 5G (Power Black 64 GB),POCO,M4 5G,10999,4.2,6584,Power Black,Yes,Android 12,64 GB
POCO M4 5G (Cool Blue 128 GB),POCO,M4 5G,12999,4.2,3406,Cool Blue,Yes,Android 12,128 GB
REDMI 12C (Mint Green 128 GB),REDMI,12C,8435,4.2,193,Mint Green,,Android 12,128 GB
OnePlus Nord CE3 5G (Aqua Surge 256 GB),OnePlus,Nord CE3 5G,28979,4.4,44,Aqua Surge,,Android Oxygen Android 13.1,256 GB
REDMI Note 12 Pro 5G (Glacier Blue 128 GB),REDMI,Note 12 Pro 5G,23999,4.2,3468,Glacier Blue,Yes,Android 12,128 GB
MarQ by Flipkart M70 Shakti,MarQ,M70 Shakti,749,3.9,557,Grey,,Android 12,32 MB
MOTOROLA G32 (Satin Silver 128 GB),MOTOROLA,G32,11999,4.1,4913,Satin Silver,,Android 12,128 GB
realme 10 Pro 5G (Nebula Blue 128 GB),realme,10 Pro 5G,17999,4.3,2386,Nebula Blue,,Android 13,128 GB
realme 10 Pro 5G (Hyperspace 128 GB),realme,10 Pro 5G,16999,4.3,2767,Hyperspace,,Android 13,128 GB
APPLE iPhone 11 (White 64 GB),APPLE,iPhone 11,37999,4.6,11429,White,,iOS 14.2,64 GB
REDMI A1+ (Black 32 GB),REDMI,A1+,6299,4.2,498,Black,Yes,Android 12 Go,32 GB
APPLE Iphone 15 Plus (Blue 128 GB),APPLE,Iphone 15 Plus,89900,4.6,13,Blue,,iOS 17,128 GB
APPLE Iphone 15 Pro Max (White Titanium 256 GB),APPLE,Iphone 15 Pro Max,159900,4.8,2,White Titanium,,iOS 17,256 GB
MarQ by Flipkart M70 Shakti,MarQ,M70 Shakti,749,3.9,557,Black,,iOS 17,32 MB
APPLE Iphone 15 (Blue 128 GB),APPLE,Iphone 15,79900,4.8,21,Blue,,iOS 17,128 GB
OnePlus Nord CE 3 Lite 5G (Pastel Lime 256 GB),OnePlus,Nord CE 3 Lite 5G,21499,4.4,545,Pastel Lime,,Android Android 13,256 GB
SAMSUNG Galaxy M14 5G (Icy Silver 128 GB),SAMSUNG,Galaxy M14 5G,14890,4.2,278,Icy Silver,,Android Android 13.0,128 GB
REDMI A1+ (Light Blue 32 GB),REDMI,A1+,6599,4.1,606,Light Blue,Yes,Android 12 Go,32 GB
MOTOROLA e13 (Cosmic Black 128 GB),MOTOROLA,e13,8999,3.9,136,Cosmic Black,,Android 13 (Go Edition),128 GB
SAMSUNG GURU MUSIC 2,SAMSUNG,GURU MUSIC 2,2199,4.1,357,Black,No,,0 GB
SAMSUNG Galaxy M14 5G (Smoky Teal 128 GB),SAMSUNG,Galaxy M14 5G,13839,4.2,96,Smoky Teal,,Android Android 13.0,128 GB
realme 11 Pro 5G (Oasis Green 256 GB),realme,11 Pro 5G,27999,4.3,85,Oasis Green,Yes,Android 13,256 GB
itel A60S (GLACIER GREEN 128 GB),itel,A60S,6985,4.1,4,GLACIER GREEN,Yes,Android Q 12,128 GB
SAMSUNG Galaxy F23 5G (Forest Green 128 GB),SAMSUNG,Galaxy F23 5G,16999,4.3,15994,Forest Green,Yes,Android 12,128 GB
OnePlus Nord CE 3 Lite 5G (Chromatic Gray 256 GB),OnePlus,Nord CE 3 Lite 5G,21249,4.4,545,Chromatic Gray,,Android Android 13,256 GB
APPLE iPhone 13 (Green 256 GB),APPLE,iPhone 13,61499,4.7,12745,Green,Yes,iOS 15,256 GB
LAVA A3 VIBE,LAVA,A3 VIBE,1299,4.2,8,DARK BLUE GREY,Yes,,32 MB
REDMI A2 (Sea Green 32 GB),REDMI,A2,7130,4.1,39,Sea Green,,Android Android 13,32 GB
REDMI Note 12 (Sunrise Gold 128 GB),REDMI,Note 12,14999,4.1,1378,Sunrise Gold,Yes,Android 13,128 GB
APPLE iPhone 13 (Midnight 256 GB),APPLE,iPhone 13,61499,4.7,12745,Midnight,Yes,iOS 15,256 GB
Kechaoda K66 The Music House 4,Kechaoda,K66 The Music House 4,1190,3.9,1367,Drak Blue,,0,64 MB
MOTOROLA Edge 40 (Viva Magenta 256 GB),MOTOROLA,Edge 40,29999,4.2,3687,Viva Magenta,Yes,Android 13,256 GB
OnePlus 11R 5G (Sonic Black 128 GB),OnePlus,11R 5G,39491,4.5,723,Sonic Black,,Android Oxygen OxygenOS based on Android 13,128 GB
REDMI Note 12 (Ice Blue 64 GB),REDMI,Note 12,12999,4.1,1378,Ice Blue,Yes,Android 13,64 GB
APPLE iPhone 13 (Pink 256 GB),APPLE,iPhone 13,61499,4.7,12745,Pink,Yes,iOS 15,256 GB
APPLE iPhone 12 (White 64 GB),APPLE,iPhone 12,48999,4.6,12872,White,Yes,iOS 14,64 GB
MOTOROLA G32 (Rose Gold 128 GB),MOTOROLA,G32,11999,4.1,4913,Rose Gold,,Android 12,128 GB
Micromax X512,Micromax,X512,1079,3.9,964,Black&Red,,,24 MB
MOTOROLA g73 5G (Midnight Blue 128 GB),MOTOROLA,g73 5G,18999,4,3631,Midnight Blue,Yes,Android 13,128 GB
OPPO A17 (Lake Blue 64 GB),OPPO,A17,11999,4.3,443,Lake Blue,,Android 12,64 GB
REDMI Note 12 (Lunar Black 64 GB),REDMI,Note 12,12999,4.1,1378,Lunar Black,Yes,Android 13,64 GB
SAMSUNG Galaxy F14 5G (GOAT Green 128 GB),SAMSUNG,Galaxy F14 5G,14990,4.2,2869,GOAT Green,,Android 13,128 GB
Infinix Zero 5G 2023 (Coral Orange 128 GB),Infinix,Zero 5G 2023,17999,4.1,885,Coral Orange,Yes,Android 12,128 GB
REDMI 12c (Royal Blue 128 GB),REDMI,12c,9898,4.1,92,Royal Blue,Yes,"Android Q MIUI 13, Android 12.0",128 GB
REDMI 12C (Mint Green 128 GB),REDMI,12C,9717,4.1,92,Mint Green,,"Android MIUI 13, Android 12.0",128 GB
OnePlus 11R 5G (Galactic Silver 256 GB),OnePlus,11R 5G,44949,4.5,537,Galactic Silver,,Android OxygenOS based on Android 13,256 GB
MarQ by Flipkart M80 Jalwa,MarQ,M80 Jalwa,999,3.9,178,Sky Blue,,Android OxygenOS based on Android 13,32 MB
APPLE Iphone 15 (Black 256 GB),APPLE,Iphone 15,89900,4.8,21,Black,,iOS 17,256 GB
REDMI Note 12 5G (Matte Black 128 GB),REDMI,Note 12 5G,18999,4.1,488,Matte Black,Yes,Android 12,128 GB
SAMSUNG Galaxy M34 5G without charger (Midnight Blue 128 GB),SAMSUNG,Galaxy M34 5G without charger,19000,4.3,22,Midnight Blue,,Android Android 13,128 GB
Nokia 110 TA-1302 DS,Nokia,110 TA-1302 DS,1745,4,1998,Pink,,,4 MB
REDMI Note 12 5G (Sunrise Gold 128 GB),REDMI,Note 12 5G,18999,4.1,488,Sunrise Gold,Yes,Android 12,128 GB
POCO M5 (Yellow 64 GB),POCO,M5,8499,4.1,1936,Yellow,Yes,Android 12,64 GB
Kechaoda K115,Kechaoda,K115,1130,4.1,2369,Black,,Android 12,32 MB
realme Narzo N53 (Feather Gold 128 GB),realme,Narzo N53,11449,4.2,107,Feather Gold,,Android Android 13.0,128 GB
SAMSUNG Galaxy F23 5G (Copper Blush 128 GB),SAMSUNG,Galaxy F23 5G,16999,4.3,15994,Copper Blush,Yes,Android 12,128 GB
SAMSUNG Galaxy F14 5G (OMG Black 128 GB),SAMSUNG,Galaxy F14 5G,13990,4.2,1059,OMG Black,,Android 13,128 GB
REDMI 12c (Matte Black 128 GB),REDMI,12c,9799,4.1,92,Matte Black,Yes,"Android Q MIUI 13, Android 12.0",128 GB
Infinix Zero 5G 2023 (Submariner Black 128 GB),Infinix,Zero 5G 2023,24999,4.1,885,Submariner Black,Yes,Android 12,128 GB
REDMI Note 12 Pro 5G (Glacier Blue 256 GB),REDMI,Note 12 Pro 5G,26999,4.2,1797,Glacier Blue,Yes,Android 12,256 GB
realme C55 (Rainforest 128 GB),realme,C55,13999,4.4,1483,Rainforest,Yes,Android 13,128 GB
realme C55 (Sunshower 128 GB),realme,C55,13999,4.4,1483,Sunshower,Yes,Android 13,128 GB
APPLE iPhone 14 Plus (Starlight 128 GB),APPLE,iPhone 14 Plus,73999,4.6,966,Starlight,,iOS 16,128 GB
Micromax S114,Micromax,S114,989,3.7,46,Dark Blue,,,64 MB
Infinix Zero 5G 2023 (Pearly White 128 GB),Infinix,Zero 5G 2023,17999,4.1,885,Pearly White,Yes,Android 12,128 GB
Infinix Note 12 (Force Black 128 GB),Infinix,Note 12,12999,4.2,1267,Force Black,,Android 11,128 GB
Kechaoda K66 The Music House 4,Kechaoda,K66 The Music House 4,1190,3.9,1367,Silver,,0,64 MB
realme C55 (Rainy Night 128 GB),realme,C55,13999,4.4,1483,Rainy Night,Yes,Android 13,128 GB
Kechaoda A26,Kechaoda,A26,975,4,1207,Black,,Android 13,32 MB
HOTLINE H6700,HOTLINE,H6700,649,3.2,25,Red,,,32 MB
Kechaoda A26,Kechaoda,A26,970,4,1207,Gold,,,32 MB
REDMI Note 12 (Sunrise Gold 64 GB),REDMI,Note 12,12999,4.1,1378,Sunrise Gold,Yes,Android 13,64 GB
APPLE Iphone 15 Plus (Pink 128 GB),APPLE,Iphone 15 Plus,89900,4.6,13,Pink,,iOS 17,128 GB
SAMSUNG Galaxy F13 (Sunrise Copper 64 GB),SAMSUNG,Galaxy F13,10999,4.3,9877,Sunrise Copper,,Android 12,64 GB
POCO M5 (Icy Blue 128 GB),POCO,M5,10499,4.2,572,Icy Blue,Yes,Android 12,128 GB
realme C55 (Rainy Night 64 GB),realme,C55,10999,4.4,4654,Rainy Night,Yes,Android 13,64 GB
REDMI Note 12 Pro 5G (Stardust Purple 256 GB),REDMI,Note 12 Pro 5G,26999,4.2,1797,Stardust Purple,Yes,Android 12,256 GB
Tecno Spark Go 2023 6.56 HD+Display 13MP Dual Camera (Orange 64 GB),Tecno,Spark Go 2023 6.56 HD+Display 13MP Dual Camera,7685,4,6,Orange,,Android Android12,64 GB
realme C55 (Rainforest 64 GB),realme,C55,10999,4.4,4654,Rainforest,Yes,Android 13,64 GB
SAMSUNG Guru Music 2,SAMSUNG,Guru Music 2,2880,4.3,19132,Gold,,,
MOTOROLA Edge 30 Fusion (Cosmic grey 128 GB),MOTOROLA,Edge 30 Fusion,42999,4.3,693,Cosmic grey,Yes,Android 12,128 GB
POCO M4 5G (Yellow 128 GB),POCO,M4 5G,12999,4.2,3406,Yellow,Yes,Android 12,128 GB
realme C55 (Sunshower 64 GB),realme,C55,10999,4.4,4654,Sunshower,Yes,Android 13,64 GB
APPLE iPhone 13 (Blue 256 GB),APPLE,iPhone 13,61499,4.7,12745,Blue,Yes,iOS 15,256 GB
Kechaoda A27,Kechaoda,A27,975,4,591,Black,,iOS 15,32 MB
SAMSUNG Galaxy M14 5G (Berry Blue 128 GB),SAMSUNG,Galaxy M14 5G,13679,4.2,96,Berry Blue,,Android Android 13.0,128 GB
REDMI Note 12 5G (Mystique Blue 128 GB),REDMI,Note 12 5G,16999,3.9,391,Mystique Blue,Yes,Android 12,128 GB
realme C55 (Rainforest 64 GB),realme,C55,11999,4.3,978,Rainforest,Yes,Android 13,64 GB
POCO X5 Pro 5G (Yellow 256 GB),POCO,X5 Pro 5G,21999,4.3,1806,Yellow,Yes,Android 12,256 GB
Nokia 2660 Flip 4G Volte Black keypad Mobile with Dual Sim & Screen MP3 Player,Nokia,"2660 Flip 4G Volte Black keypad Mobile with Dual Sim & Screen, MP3 Player",4499,4.1,12,Black,No,,0.125 GB
OnePlus Nord 3 5G (Misty Green 256 GB),OnePlus,Nord 3 5G,37200,4.3,34,Misty Green,,Android Android 13 OxygenOS,256 GB
Tecno Spark Go 2023 (Endless Black 64 GB),Tecno,Spark Go 2023,7995,4.1,8,Endless Black,,Android Q Android 12,64 GB
REDMI Note 12 Pro+ 5G (Arctic White 256 GB),REDMI,Note 12 Pro+ 5G,29999,4.2,1631,Arctic White,Yes,Android 12,256 GB
REDMI Note 12 5G (Frosted Green 256 GB),REDMI,Note 12 5G,20999,4.1,150,Frosted Green,Yes,Android 12,256 GB
KARBONN Jumbo K9,KARBONN,Jumbo K9,1288,4,1364,Black and Red,,,
APPLE Iphone 15 Pro (Natural Titanium 128 GB),APPLE,Iphone 15 Pro,134900,4.7,3,Natural Titanium,,iOS 17,128 GB
OnePlus 10R (Forest Green 128 GB),OnePlus,10R,27965,4.3,261,Forest Green,,Android 12,128 GB
POCO X5 5G (Supernova Green 256 GB),POCO,X5 5G,16999,4.9,,Supernova Green,Yes,Android 12,256 GB
realme 10 (Clash White 128 GB),realme,10,13999,4.3,681,Clash White,Yes,Android 12,128 GB
REDMI 11 Prime (Flashy Black 128 GB),REDMI,11 Prime,10999,4.3,698,Flashy Black,Yes,Android 12,128 GB
itel It2175 Keypad Mobile|1200 mAh battery|Expandable Storage upto 32GB,itel,It2175 Keypad Mobile|1200 mAh battery|Expandable Storage upto 32GB,1149,4,57,Deep Blue,,,4 MB
realme 10 (Rush Black 128 GB),realme,10,13999,4.3,681,Rush Black,Yes,Android 12,128 GB
Infinix NOTE 12i (Force Black 64 GB),Infinix,NOTE 12i,10999,4.2,1004,Force Black,Yes,Android 12,64 GB
Infinix HOT 20 Play (Luna Blue 64 GB),Infinix,HOT 20 Play,8999,4.4,1696,Luna Blue,,Android 12,64 GB
Infinix HOT 20 Play (Fantasy Purple 64 GB),Infinix,HOT 20 Play,8999,4.4,1696,Fantasy Purple,,Android 12,64 GB
KARBONN K9,KARBONN,K9,1293,4.1,674,Black And Red,,Belle,
Infinix HOT 20 Play (Aurora Green 64 GB),Infinix,HOT 20 Play,8999,4.4,1696,Aurora Green,,Android 12,64 GB
Micromax X413,Micromax,X413,959,4,297,Black,,,32 MB
APPLE iPhone 14 (Yellow 128 GB),APPLE,iPhone 14,64999,4.6,1889,Yellow,,iOS 16,128 GB
Micromax X818,Micromax,X818,1515,3.9,323,Blue,,,32 MB
OPPO Reno10 Pro 5G (Silvery Grey 256 GB),OPPO,Reno10 Pro 5G,39999,4.3,682,Silvery Grey,Yes,Android 13,256 GB
SAMSUNG Galaxy F34 5G (Electric Black 128 GB),SAMSUNG,Galaxy F34 5G,24499,4.2,425,Electric Black,Yes,Android 13,128 GB
Kechaoda A27,Kechaoda,A27,999,4,591,Grey,,Android 13,32 MB
Infinix HOT 20 Play (Racing Black 64 GB),Infinix,HOT 20 Play,8999,4.4,1696,Racing Black,,Android 12,64 GB
KARBONN K9,KARBONN,K9,1375,4.1,674,Black,,Android 12,
Infinix Note 12 (Jewel Blue 128 GB),Infinix,Note 12,12999,4.2,1267,Jewel Blue,,Android 11,128 GB
OPPO A58 (Dazzling Green 128 GB),OPPO,A58,14999,4.4,11,Dazzling Green,Yes,Android 13,128 GB
Micromax X818,Micromax,X818,1575,3.9,323,Maroon,,,32 MB
REDMI Note 12 5G (Mystique Blue 128 GB),REDMI,Note 12 5G,18999,4.1,488,Mystique Blue,Yes,Android 12,128 GB
itel Power 110 Neo| 2500 mAh battery| Expandable Storage Upto 32GB,itel,Power 110 Neo| 2500 mAh battery| Expandable Storage Upto 32GB,1299,4.1,3,Black,,,32 MB
POCO C51 (Royal Blue 128 GB),POCO,C51,8499,4,10,Royal Blue,Yes,Android 13 Go,128 GB
APPLE iPhone 14 Pro Max (Deep Purple 128 GB),APPLE,iPhone 14 Pro Max,127999,4.6,153,Deep Purple,,iOS 16,128 GB
itel Magic X Pro 4G| 2500mAh Big Battery| Expandable Storage upto 64GB,itel,Magic X Pro 4G| 2500mAh Big Battery| Expandable Storage upto 64GB,2287,3.9,460,Black,No,RTOS,128 MB
OPPO A58 (Glowing Black 128 GB),OPPO,A58,14999,4.4,11,Glowing Black,Yes,Android 13,128 GB
realme 10 Pro+ 5G (Hyperspace 128 GB),realme,10 Pro+ 5G,22999,4.4,1998,Hyperspace,,Android 13,128 GB
I Kall K3310,I,K3310,744,3.6,7406,Sky Blue,,,32 MB
realme Narzo N55 (Prime Blue 128 GB),realme,Narzo N55,12579,4.3,112,Prime Blue,,Android 13,128 GB
REDMI Note 12 5G (Frosted Green 128 GB),REDMI,Note 12 5G,18999,4.1,488,Frosted Green,Yes,Android 12,128 GB
OnePlus 10R (Sierra Black 128 GB),OnePlus,10R,27900,4.3,261,Sierra Black,,Android 12,128 GB
Kechaoda K66 The Music House 4,Kechaoda,K66 The Music House 4,1179,3.9,1367,Rose Pink,,0,64 MB
GFive V8,GFive,V8,699,3.7,104,BLACK + GOLD,,0,32 MB
Nokia 106,Nokia,106,1539,4.2,0,Emerald Green,No,,32 MB
APPLE iPhone 12 (Black 64 GB),APPLE,iPhone 12,48999,4.6,12872,Black,Yes,iOS 14,64 GB
OPPO F21s Pro (Dawnlight Gold 128 GB),OPPO,F21s Pro,17397,4.2,72,Dawnlight Gold,Yes,Android 12,128 GB
DIZO Star 300,DIZO,Star 300,1282,3.9,1278,Black,,,32 MB
GFive U707,GFive,U707,725,3.5,1355,Black Red,No,,32 MB
GFive U707,GFive,U707,725,3.5,1355,Blue & Red,No,,64 MB
APPLE iPhone 12 (Green 64 GB),APPLE,iPhone 12,48999,4.6,12872,Green,Yes,iOS 14,64 GB
LAVA A1 2021,LAVA,A1 2021,1195,4,430,White,Yes,,24 MB
SAMSUNG GALAXY M13 5G (Midnight Blue 64 GB),SAMSUNG,GALAXY M13 5G,12080,4.2,73,Midnight Blue,,Android Q 12,64 GB
MOTOROLA G62 5G (Midnight Gray 128 GB),MOTOROLA,G62 5G,16999,4.1,2261,Midnight Gray,,Android 12,128 GB
REDMI 10 (Pacific Blue 64 GB),REDMI,10,10510,4.3,15098,Pacific Blue,Yes,Android 11,64 GB
Nokia 106,Nokia,106,1349,4.2,0,Terracotta Red,No,,32 MB
MOTOROLA Edge 30 Fusion (Viva Magenta 128 GB),MOTOROLA,Edge 30 Fusion,42999,4.3,693,Viva Magenta,Yes,Android 12,128 GB
SAMSUNG Galaxy A14 5G (Black 128 GB),SAMSUNG,Galaxy A14 5G,17999,4.1,,Black,Yes,Android 13,128 GB
Infinix GT10 Pro (Cyber Black 256 GB),Infinix,GT10 Pro,20999,4.2,1445,Cyber Black,Yes,Android 13,256 GB
REDMI A2+ (Classic Black 64 GB),REDMI,A2+,7995,4,43,Classic Black,,Android Android 13,64 GB
realme 10 Pro+ 5G (Nebula Blue 128 GB),realme,10 Pro+ 5G,21999,4.4,2679,Nebula Blue,,Android 13,128 GB
LAVA A1 2021,LAVA,A1 2021,1129,4,430,"Blue, Silver",No,,24 MB
Infinix GT10 Pro (Mirage Silver 256 GB),Infinix,GT10 Pro,20999,4.2,1445,Mirage Silver,Yes,Android 13,256 GB
realme 10 Pro+ 5G (Hyperspace 128 GB),realme,10 Pro+ 5G,21999,4.4,2679,Hyperspace,,Android 13,128 GB
OnePlus 10R (Forest Green 128 GB),OnePlus,10R,27964,4.3,261,Forest Green,,Android 12,128 GB
realme Narzo N55 (Prime Blue 64 GB),realme,Narzo N55,10585,4.2,102,Prime Blue,,Android 13,64 GB
APPLE iPhone 12 (Red 64 GB),APPLE,iPhone 12,48999,4.6,12872,Red,Yes,iOS 14,64 GB
Kechaoda K28,Kechaoda,K28,1255,4,282,Black,,,64 MB
REDMI A1 (Light Blue 32 GB),REDMI,A1,6349,4.2,425,Light Blue,,Android,32 GB
APPLE iPhone 14 Plus (Blue 256 GB),APPLE,iPhone 14 Plus,83999,4.6,966,Blue,,iOS 16,256 GB
LAVA YUVA 2 PRO (GLASS LAVENDER 64 GB),LAVA,YUVA 2 PRO,8149,4.1,34,GLASS LAVENDER,,Android 12,64 GB
Kechaoda K28,Kechaoda,K28,1275,4,282,Coffee,,,64 MB
OnePlus 11 5G (Eternal Green 256 GB),OnePlus,11 5G,59390,4.5,99,Eternal Green,,Android OxygenOS based on Android 13,256 GB
Kechaoda K28,Kechaoda,K28,1250,4,282,Pink,,0,64 MB
OnePlus 11 5G (Titan Black 256 GB),OnePlus,11 5G,59840,4.3,,Titan Black,,Android OxygenOS based on Android 13,256 GB
Tecno Spark Go 2023 (UYUNI BLUE 64 GB),Tecno,Spark Go 2023,7199,4.1,51,UYUNI BLUE,Yes,Android Android 12,64 GB
Nokia 130 M DS 2023,Nokia,130 M DS 2023,1999,4.3,3,Purple,,Series 30+,4 MB
Snexian GURU 312,Snexian,GURU 312,663,3.3,279,Rose Pink,,0,32 MB
SAMSUNG Galaxy M14 5G (Icy Silver 128 GB),SAMSUNG,Galaxy M14 5G,15282,4.2,278,Icy Silver,,Android Android 13.0,128 GB
REDMI A1+ (Light Green 32 GB),REDMI,A1+,6599,4.1,606,Light Green,Yes,Android 12 Go,32 GB
Nokia C32 (Breezy Mint 64 GB),Nokia,C32,8799,3.7,37,Breezy Mint,No,Android 13,64 GB
realme Narzo 60 5G (Mars Orange 256 GB),realme,Narzo 60 5G,20200,4.3,70,Mars Orange,,Android Android 13,256 GB
realme Narzo 60 5G (?Cosmic Black 128 GB),realme,Narzo 60 5G,18146,4.3,70,?Cosmic Black,,Android Android 13,128 GB
vivo Y27 (Burgundy Black 128 GB),vivo,Y27,14999,4.2,,Burgundy Black,,Android 13,128 GB
APPLE Iphone 15 Pro (Black Titanium 256 GB),APPLE,Iphone 15 Pro,144900,4.7,3,Black Titanium,,iOS 17,256 GB
Snexian GURU 310,Snexian,GURU 310,675,3.3,1796,Pink,,iOS 17,32 MB
Nokia 6310 Dual SIM Feature Mobile Wireless FM Radio and Rear Camera,Nokia,"6310 Dual SIM Feature Mobile, Wireless FM Radio and Rear Camera",3499,3.9,218,Green,,,16 MB
REDMI Note 12 Pro 5G (Stardust Purple 256 GB),REDMI,Note 12 Pro 5G,28999,4,36,Stardust Purple,Yes,Android 12,256 GB
OPPO A38 (Glowing Gold 128 GB),OPPO,A38,12999,4.6,2,Glowing Gold,Yes,Android 13,128 GB
Micromax X379+,Micromax,X379+,968,3.4,26,Black+Grey,No,,32 MB
Good One Magic,Good,Magic,1450,4,317,Black,Yes,,32 MB
Nokia C32 (Charcoal 64 GB),Nokia,C32,8799,3.7,37,Charcoal,No,Android 13,64 GB
KARBONN KX 29,KARBONN,KX 29,1538,3.8,77,Black + Grey,,Android 13,32 MB
APPLE Iphone 15 (Black 128 GB),APPLE,Iphone 15,79900,4.8,21,Black,,iOS 17,128 GB
KARBONN K9 Yuva,KARBONN,K9 Yuva,1295,3.9,71,White Champagne,,Belle,32 KB
REDMI Note 12 5G (Sunrise Gold 256 GB),REDMI,Note 12 5G,20999,4.1,150,Sunrise Gold,Yes,Android 12,256 GB
Good One Magic,Good,Magic,1450,4,317,Blue,Yes,,32 MB
Good One Magic,Good,Magic,1499,4,317,Red,,,32 MB
realme Narzo 60 5G (Mars Orange 128 GB),realme,Narzo 60 5G,18187,4.3,70,Mars Orange,,Android Android 13,128 GB
Snexian GURU 312,Snexian,GURU 312,630,3.3,279,White,,0,32 MB
REDMI A1 (Light Green 32 GB),REDMI,A1,6280,4.2,425,Light Green,,Android,32 GB
Tecno Camon 20 (Glacier Glow 256 GB),Tecno,Camon 20,15491,4.3,5,Glacier Glow,,Android Android13,256 GB
KARBONN K9 Yuva,KARBONN,K9 Yuva,1249,3.9,71,coffee champagne,,Belle,32 KB
REDMI Note 12 Pro 5G (Onyx Black 256 GB),REDMI,Note 12 Pro 5G,26999,4.2,1797,Onyx Black,Yes,Android 12,256 GB
GFive U220i,GFive,U220i,699,3.2,132,Black & Red,No,,32 MB
realme 10 Pro+ 5G (Nebula Blue 128 GB),realme,10 Pro+ 5G,22999,4.4,1998,Nebula Blue,,Android 13,128 GB
realme 10 Pro+ 5G (Dark Matter 128 GB),realme,10 Pro+ 5G,22999,4.4,1998,Dark Matter,,Android 13,128 GB
realme 10 Pro+ 5G (Dark Matter 256 GB),realme,10 Pro+ 5G,24999,4.4,1998,Dark Matter,,Android 13,256 GB
Micromax S115,Micromax,S115,940,3.7,50,Purple,,,32 MB
realme 10 Pro+ 5G (Nebula Blue 256 GB),realme,10 Pro+ 5G,24999,4.4,1998,Nebula Blue,,Android 13,256 GB
REDMI Note 12 5G (Matte Black 128 GB),REDMI,Note 12 5G,16999,3.9,391,Matte Black,Yes,Android 12,128 GB
POCO F5 5G (Electric Blue 256 GB),POCO,F5 5G,26999,4.3,1071,Electric Blue,Yes,Android 13,256 GB
I Kall King Talking Contact icon and Auto Call Recording,I,"King Talking, Contact icon and Auto Call Recording",774,3.6,1671,Black green,,Symbian,32 MB
Micromax X379+,Micromax,X379+,989,3.4,26,Blue,No,,32 MB
realme 10 Pro+ 5G (Hyperspace 256 GB),realme,10 Pro+ 5G,24999,4.4,1998,Hyperspace,,Android 13,256 GB
SAMSUNG Galaxy S23 5G (Cream 256 GB),SAMSUNG,Galaxy S23 5G,79999,4.6,421,Cream,Yes,Android 13,256 GB
itel Power 200|2500 mAh battery|Expandable Storage upto 32GB,itel,Power 200|2500 mAh battery|Expandable Storage upto 32GB,1399,4,9,Black,,1,32 MB
realme Narzo N55 (Prime Black 128 GB),realme,Narzo N55,12469,4.3,112,Prime Black,,Android 13,128 GB
I Kall King Talking Contact icon and Auto Call Recording,I,"King Talking, Contact icon and Auto Call Recording",774,3.6,1671,Black+Blue,,Symbian,64 MB
itel Power 200|2500 mAh battery|Expandable Storage upto 32GB,itel,Power 200|2500 mAh battery|Expandable Storage upto 32GB,1349,4,9,Blue,,1,32 MB
realme C30s (Stripe Black 32 GB),realme,C30s,6999,4.4,237,Stripe Black,,Android 12,32 GB
APPLE iPhone 14 ((PRODUCT)RED 128 GB),APPLE,iPhone 14,64999,4.6,1889,(PRODUCT)RED,,iOS 16,128 GB
Micromax X412,Micromax,X412,919,3.9,1478,Black&Red,,,32 MB
Nokia 110 Dual sim Keypad Phone with FM Radio Auto Call Recording,Nokia,"110 Dual sim Keypad Phone with FM Radio, Auto Call Recording",2185,4.1,11,Rose Gold,No,,4 MB
Micromax X412,Micromax,X412,997,3.9,1478,Blue,,,32 MB
vivo Y27 (Garden Green 128 GB),vivo,Y27,14999,4.2,,Garden Green,,Android 13,128 GB
Tecno Spark Go 2023 (UYUNI BLUE 32+3 GB),Tecno,Spark Go 2023,6689,4.1,51,UYUNI BLUE,Yes,Android 12,32+3 GB
DIZO Star 500,DIZO,Star 500,1750,3.9,1844,Green,,,32 MB
vivo V23 Pro 5G (Sunshine Gold 128 GB),vivo,V23 Pro 5G,29390,4.3,409,Sunshine Gold,Yes,Android 12,128 GB
SAMSUNG Galaxy F13 (Nightsky Green 128 GB),SAMSUNG,Galaxy F13,11999,4.3,9877,Nightsky Green,,Android 12,128 GB
OnePlus 10R (Forest Green 128 GB),OnePlus,10R,27964,4.3,261,Forest Green,,Android 12,128 GB
itel it2163s,itel,it2163s,999,4.1,115,Dark Green,,,4 MB
LAVA A7 Torch,LAVA,A7 Torch,1498,3.8,1,Blue,,,32 MB
Micromax S115,Micromax,S115,853,3.7,50,Red+Black,,,32 MB
POCO F5 5G (Carbon Black 256 GB),POCO,F5 5G,26999,4.3,1071,Carbon Black,Yes,Android 13,256 GB
SAMSUNG GALAXY M13 (Midnight Blue 128 GB),SAMSUNG,GALAXY M13,13000,4.2,68,Midnight Blue,,Android Q 12,128 GB
SAMSUNG GT-E1215ZKAINS,SAMSUNG,GT-E1215ZKAINS,1150,4.3,5458,Black,,,
Nokia 110 4G,Nokia,110 4G,2299,3.8,4,Arctic Purple,No,,32 MB
MOTOROLA Edge 30 (Aurora Green 128 GB),MOTOROLA,Edge 30,26999,4.1,996,Aurora Green,,Android 12,128 GB
vivo V27 5G (Noble Black 256 GB),vivo,V27 5G,36999,4.4,339,Noble Black,Yes,Android 13,256 GB
Micromax X809,Micromax,X809,1339,3.7,511,Blue,,,32 MB
OPPO A17 (Midnight Black 64 GB),OPPO,A17,11999,4.3,443,Midnight Black,,Android 12,64 GB
DIZO Star 500,DIZO,Star 500,1680,3.9,1844,Black,,,32 MB
SAMSUNG Galaxy F04 (Jade Purple 64 GB),SAMSUNG,Galaxy F04,8499,4.2,2542,Jade Purple,,Android 12,64 GB
REDMI Note 12 5G (Frosted Green 128 GB),REDMI,Note 12 5G,16999,3.9,391,Frosted Green,Yes,Android 12,128 GB
POCO X5 Pro 5G (Yellow 128 GB),POCO,X5 Pro 5G,19999,4.3,1524,Yellow,Yes,Android 12,128 GB
vivo V27 5G (Magic Blue 256 GB),vivo,V27 5G,36999,4.4,339,Magic Blue,Yes,Android 13,256 GB
realme 10 Pro+ 5G (Dark Matter 128 GB),realme,10 Pro+ 5G,21999,4.4,2679,Dark Matter,,Android 13,128 GB
APPLE iPhone 12 (Red 128 GB),APPLE,iPhone 12,51999,4.6,12872,Red,Yes,iOS 14,128 GB
OnePlus 11 5G (Eternal Green 128 GB),OnePlus,11 5G,54997,4.4,42,Eternal Green,,Android OxygenOS based on Android 13,128 GB
Kechaoda K90,Kechaoda,K90,1490,3.5,62,Green & Black,,,32 MB
OnePlus Nord 3 5G (Tempest Gray 256 GB),OnePlus,Nord 3 5G,37800,4.3,34,Tempest Gray,,Android ANdroid 13 OxygenOS,256 GB
Kechaoda K9,Kechaoda,K9,1299,4.1,259,Black,,0,64 MB
LAVA GEM POWER,LAVA,GEM POWER,1699,4.1,21,Black,No,,4 MB
Kechaoda K9,Kechaoda,K9,1299,4.1,259,Champagne Gold,,0,64 MB
Eunity U1 310,Eunity,U1 310,597,3.1,44,"Black, Green",,,16 MB
Tecno Spark Go 2023 (Orange 32 GB),Tecno,Spark Go 2023,6350,4.1,51,Orange,Yes,Android 12,32 GB
Energizer Hardcase E100,Energizer,Hardcase E100,1349,3.8,253,Black,No,,32 MB
SAMSUNG Galaxy M04 (Light Green 64 GB),SAMSUNG,Galaxy M04,8184,4.1,393,Light Green,,Android 12,64 GB
OPPO A38 (Glowing Black 128 GB),OPPO,A38,12999,4.6,2,Glowing Black,Yes,Android 13,128 GB
LAVA A7 Torch,LAVA,A7 Torch,1498,3.8,1,Black,,,32 MB
LAVA GEM POWER,LAVA,GEM POWER,1679,4.1,21,Blue,No,,4 MB
REDMI 12C (Mint Green 64 GB),REDMI,12C,8798,4.2,193,Mint Green,,"Android MIUI 13, Android 12.0",64 GB
IAIR Basic Feature Dual Sim Mobile Phone with 2800mAh Battery 1.77 inch Display Screen 0.8 mp Camera with Glossy Finish (ID15-Blue),IAIR,"Basic Feature Dual Sim Mobile Phone with 2800mAh Battery, 1.77 inch Display Screen, 0.8 mp Camera with Glossy Finish (ID15-Blue)",999,3.6,30,Sky Blue,,"Android MIUI 13, Android 12.0",32 MB
itel It2175 Keypad Mobile|1200 mAh battery|Expandable Storage upto 32GB,itel,It2175 Keypad Mobile|1200 mAh battery|Expandable Storage upto 32GB,1148,4,57,Black,,,4 MB
Tecno Camon20 Predawn 64MP RGBW Camera (Serenity Blue 256 GB),Tecno,Camon20 Predawn 64MP RGBW Camera,14998,4.3,17,Serenity Blue,,Android 13,256 GB
APPLE iPhone SE 3rd Gen (Starlight 64 GB),APPLE,iPhone SE 3rd Gen,32699,4.4,104,Starlight,,iOS 15,64 GB
Cellecor X3,Cellecor,X3,965,3.6,68,Black,Yes,,32 MB
REDMI 12C (?Lavender Purple 128 GB),REDMI,12C,9620,4.1,92,?Lavender Purple,,"Android ?MIUI 13, Android 12.0",128 GB
REDMI 11 Prime (Playful Green 128 GB),REDMI,11 Prime,10999,4.3,698,Playful Green,Yes,Android 12,128 GB
Cellecor X3,Cellecor,X3,968,3.6,68,Grey,Yes,,32 MB
Cellecor X3,Cellecor,X3,1022,3.6,68,Red,Yes,,32 MB
REDMI K50i 5G (Stealth Black 256 GB),REDMI,K50i 5G,23999,4.2,288,Stealth Black,Yes,Android 12,256 GB
SAMSUNG Galaxy F34 5G (Mystic Green 128 GB),SAMSUNG,Galaxy F34 5G,21999,4.1,128,Mystic Green,Yes,Android 13,128 GB
OnePlus 11 5G (Marble Odyssey 256 GB),OnePlus,11 5G,60245,4.5,99,Marble Odyssey,,Android Oxygen Android 13,256 GB
IQOO Z7S 5G (Norway Blue 128 GB),IQOO,Z7S 5G,20399,4.3,69,Norway Blue,,Android Q 13,128 GB
Nokia 106,Nokia,106,1349,4.2,0,Charcoal,No,,32 MB
OnePlus Nord 3 5G (Tempest Gray 256 GB),OnePlus,Nord 3 5G,37800,4.3,34,Tempest Gray,,Android ANdroid 13 OxygenOS,256 GB
POCO X5 5G (Wildcat Blue 256 GB),POCO,X5 5G,16999,4.1,528,Wildcat Blue,Yes,Android 12,256 GB
OPPO F21s Pro 5G (Starlight Black 128 GB),OPPO,F21s Pro 5G,22110,4.2,87,Starlight Black,Yes,Android Q Android 11,128 GB
Tecno Pop 7 pro Uyuni 12MP Dual Camera B29 (?Uyuni Blue 64 GB),Tecno,Pop 7 pro Uyuni 12MP Dual Camera B29,6540,4.2,8,?Uyuni Blue,,Android Android 12.0,64 GB
MOTOROLA Edge 30 (Meteor Grey 128 GB),MOTOROLA,Edge 30,26999,4.1,996,Meteor Grey,,Android 12,128 GB
REDMI Note 12 Pro+ 5G (Arctic White 256 GB),REDMI,Note 12 Pro+ 5G,32999,4.2,684,Arctic White,Yes,Android 12,256 GB
APPLE Iphone 15 Pro Max (Black Titanium 1 TB),APPLE,Iphone 15 Pro Max,199900,4.8,2,Black Titanium,,iOS 17,1 TB
POCO M5 (Yellow 128 GB),POCO,M5,10499,4.2,572,Yellow,Yes,Android 12,128 GB
Micromax X413,Micromax,X413,920,4,297,Blue,,,32 MB
POCO M5 (Power Black 128 GB),POCO,M5,10499,4.2,572,Power Black,Yes,Android 12,128 GB
APPLE iPhone 12 (Purple 64 GB),APPLE,iPhone 12,48999,4.6,12872,Purple,Yes,iOS 14,64 GB
Kechaoda A26,Kechaoda,A26,970,4,1207,Grey,,iOS 14,32 MB
SAMSUNG Galaxy M14 5G (Berry Blue 128 GB),SAMSUNG,Galaxy M14 5G,13679,4.2,96,Berry Blue,,Android Android 13.0,128 GB
OnePlus Nord 3 5G (Misty Green 256 GB),OnePlus,Nord 3 5G,37199,4.3,34,Misty Green,,Android Android 13 OxygenOS,256 GB
Tecno Spark Go 2023 (Endless Black 64 GB),Tecno,Spark Go 2023,7995,4.1,8,Endless Black,,Android Q Android 12,64 GB
POCO C51 (Power Black 128 GB),POCO,C51,8499,4,10,Power Black,Yes,Android 13 Go,128 GB
REDMI Note 12 Pro+ 5G (Iceberg Blue 256 GB),REDMI,Note 12 Pro+ 5G,32999,4.2,684,Iceberg Blue,Yes,Android 12,256 GB
REDMI Note 12 Pro+ 5G (Arctic White 256 GB),REDMI,Note 12 Pro+ 5G,29999,4.2,1631,Arctic White,Yes,Android 12,256 GB
POCO X5 Pro 5G (Yellow 256 GB),POCO,X5 Pro 5G,21999,4.3,1806,Yellow,Yes,Android 12,256 GB
realme Narzo N53 (Feather Black 128 GB),realme,Narzo N53,11686,4.2,107,Feather Black,,Android Android 13.0,128 GB
Nokia 2660 Flip 4G Volte Black keypad Mobile with Dual Sim & Screen MP3 Player,Nokia,"2660 Flip 4G Volte Black keypad Mobile with Dual Sim & Screen, MP3 Player",4499,4.1,12,Black,No,,0.125 GB
vivo Y02t (Cosmic Grey 64 GB),vivo,Y02t,8999,4.2,57,Cosmic Grey,,Android 13,64 GB
vivo Y02t (Sunset Gold 64 GB),vivo,Y02t,8999,4.2,,Sunset Gold,,Android 13,64 GB
SAMSUNG Galaxy M34 5G (Waterfall Blue 128 GB),SAMSUNG,Galaxy M34 5G,19035,4,10,Waterfall Blue,,Android Android 13,128 GB
realme 10 Pro+ 5G (Nebula Blue 256 GB),realme,10 Pro+ 5G,24999,4.4,1998,Nebula Blue,,Android 13,256 GB
REDMI Note 12 5G (Matte Black 256 GB),REDMI,Note 12 5G,20999,4.1,150,Matte Black,Yes,Android 12,256 GB
OPPO Reno10 Pro 5G (Glossy Purple 256 GB),OPPO,Reno10 Pro 5G,39999,4.3,682,Glossy Purple,Yes,Android 13,256 GB
MOTOROLA Edge 30 Ultra (Interstellar Black 256 GB),MOTOROLA,Edge 30 Ultra,59999,4.2,233,Interstellar Black,Yes,Android 12,256 GB
realme 10 (Clash White 64 GB),realme,10,11999,4.2,1847,Clash White,Yes,Android 12,64 GB
realme Narzo N53 (Feather Black 128 GB),realme,Narzo N53,11687,4.2,107,Feather Black,,Android Android 13.0,128 GB
Infinix NOTE 12i (Metaverse Blue 64 GB),Infinix,NOTE 12i,10999,4.2,1004,Metaverse Blue,Yes,Android 12,64 GB
itel It2171 Keypad Mobile|1000 mAh battery|Expandable Storage upto 32GB,itel,It2171 Keypad Mobile|1000 mAh battery|Expandable Storage upto 32GB,999,4,533,City Blue,,,32 MB
itel It2171 Keypad Mobile|1000 mAh battery|Expandable Storage upto 32GB,itel,It2171 Keypad Mobile|1000 mAh battery|Expandable Storage upto 32GB,999,4,533,Elegant Black,,,32 MB
APPLE iPhone 14 Plus (Purple 128 GB),APPLE,iPhone 14 Plus,73999,4.6,966,Purple,,iOS 16,128 GB
SAMSUNG Galaxy F34 5G (Electric Black 128 GB),SAMSUNG,Galaxy F34 5G,21999,4.1,128,Electric Black,Yes,Android 13,128 GB
LAVA Hero 600i,LAVA,Hero 600i,898,4,153,Sapphire Blue,No,0,3 MB
Infinix Note 12 (Jewel Blue 64 GB),Infinix,Note 12,11999,4.2,2685,Jewel Blue,,Android 11,64 GB
Kechaoda A27,Kechaoda,A27,970,4,591,Silver,,Android 11,32 MB
Micromax S114,Micromax,S114,980,3.7,46,Champagne,,,64 MB
Micromax S114,Micromax,S114,989,3.7,46,Aqua Blue,,,64 MB
APPLE iPhone 14 Plus (Midnight 128 GB),APPLE,iPhone 14 Plus,73999,4.6,966,Midnight,,iOS 16,128 GB
MOTOROLA G62 5G (Midnight Gray 128 GB),MOTOROLA,G62 5G,16999,4.1,2261,Midnight Gray,,Android 12,128 GB
Kechaoda A26,Kechaoda,A26,970,4,1207,Silver,,Android 12,32 MB
realme Narzo N53 (Feather Gold 64 GB),realme,Narzo N53,9585,4.2,106,Feather Gold,,Android Android 13.0,64 GB
itel It2175 Keypad Mobile|1200 mAh battery|Expandable Storage upto 32GB,itel,It2175 Keypad Mobile|1200 mAh battery|Expandable Storage upto 32GB,1149,4,57,Deep Blue,,,4 MB
REDMI Note 12 Pro 5G (Onyx Black 128 GB),REDMI,Note 12 Pro 5G,23999,4.2,3468,Onyx Black,Yes,Android 12,128 GB
LAVA Hero 600i,LAVA,Hero 600i,898,4,153,Mint Green,No,0,3 MB
OnePlus Nord 3 5G (Tempest Gray 128 GB),OnePlus,Nord 3 5G,31479,4.4,132,Tempest Gray,,Android Android 13 OxygenOS,128 GB
SAMSUNG Galaxy F34 5G (Mystic Green 128 GB),SAMSUNG,Galaxy F34 5G,24499,4.2,425,Mystic Green,Yes,Android 13,128 GB
SAMSUNG Galaxy M04 (Light Green 64 GB),SAMSUNG,Galaxy M04,8049,4.1,393,Light Green,,Android 12,64 GB
OnePlus Nord 3 5G (Misty Green 128 GB),OnePlus,Nord 3 5G,31427,4.4,132,Misty Green,,Android ANdroid 13 OxygenOS,128 GB
realme 10 (Rush Black 64 GB),realme,10,11999,4.2,1847,Rush Black,Yes,Android 12,64 GB
REDMI Note 12 Pro+ 5G (Iceberg Blue 256 GB),REDMI,Note 12 Pro+ 5G,29999,4.2,1631,Iceberg Blue,Yes,Android 12,256 GB
APPLE iPhone 13 ((PRODUCT)RED 128 GB),APPLE,iPhone 13,52499,4.7,12745,(PRODUCT)RED,Yes,iOS 15,128 GB
REDMI A1+ (Light Green 32 GB),REDMI,A1+,6299,4.2,498,Light Green,Yes,Android 12 Go,32 GB
SAMSUNG Galaxy F14 5G (B.A.E. Purple 128 GB),SAMSUNG,Galaxy F14 5G,13990,4.2,1059,B.A.E. Purple,,Android 13,128 GB
POCO C55 (Power Black 64 GB),POCO,C55,7499,4.2,3639,Power Black,Yes,Android 12,64 GB
POCO M4 5G (Cool Blue 64 GB),POCO,M4 5G,10999,4.2,6584,Cool Blue,Yes,Android 12,64 GB
realme 10 Pro 5G (Nebula Blue 128 GB),realme,10 Pro 5G,16999,4.3,2767,Nebula Blue,,Android 13,128 GB
POCO M4 Pro (Yellow 64 GB),POCO,M4 Pro,14999,4.3,15640,Yellow,Yes,Android 11,64 GB
MOTOROLA e13 (Aurora Green 128 GB),MOTOROLA,e13,8999,3.9,136,Aurora Green,,Android 13 (Go Edition),128 GB
SAMSUNG Galaxy F13 (Waterfall Blue 128 GB),SAMSUNG,Galaxy F13,11999,4.3,9877,Waterfall Blue,,Android 12,128 GB
realme Narzo N53 (Feather Black 64 GB),realme,Narzo N53,9798,4.2,106,Feather Black,,Android Android 13.0,64 GB
Kechaoda K112,Kechaoda,K112,1615,4,2372,Green,,,64 MB
REDMI Note 12 (Lunar Black 128 GB),REDMI,Note 12,14999,4.1,1378,Lunar Black,Yes,Android 13,128 GB
POCO X5 5G (Supernova Green 128 GB),POCO,X5 5G,14999,4.1,1786,Supernova Green,Yes,Android 12,128 GB
OnePlus 11R 5G (Galactic Silver 128 GB),OnePlus,11R 5G,39226,4.5,723,Galactic Silver,,Android OxygenOS based on Android 13,128 GB
REDMI A2 (Classic Black 32 GB),REDMI,A2,7050,4.1,39,Classic Black,,Android Android 13.0,32 GB
LAVA A3 VIBE,LAVA,A3 VIBE,1289,4.1,7,WHITE BEIGE PA,Yes,,32 MB
GFive U873,GFive,U873,699,3.5,1061,Blue Red,No,,32 MB
APPLE iPhone 13 (Starlight 256 GB),APPLE,iPhone 13,61499,4.7,12745,Starlight,Yes,iOS 15,256 GB
APPLE iPhone 12 (Blue 64 GB),APPLE,iPhone 12,48999,4.6,12872,Blue,Yes,iOS 14,64 GB
SAMSUNG Galaxy M14 5G (ICY Silver 128 GB),SAMSUNG,Galaxy M14 5G,14200,4.2,96,ICY Silver,,Android Android 13.0,128 GB
SAMSUNG Galaxy F23 5G (Aqua Blue 128 GB),SAMSUNG,Galaxy F23 5G,16999,4.3,15994,Aqua Blue,Yes,Android 12,128 GB
itel A60S (SHADOW BLACK 128 GB),itel,A60S,6985,4.1,4,SHADOW BLACK,Yes,Android Q 12,128 GB
REDMI Note 12 Pro+ 5G (Obsidian Black 256 GB),REDMI,Note 12 Pro+ 5G,29999,4.2,1631,Obsidian Black,Yes,Android 12,256 GB
MOTOROLA Edge 40 (Eclipse Black 256 GB),MOTOROLA,Edge 40,29999,4.2,3687,Eclipse Black,Yes,Android 13,256 GB
itel Ace2 Keypad Mobile| 1000 mAh Battery|Expandable Storage 32GB,itel,Ace2 Keypad Mobile| 1000 mAh Battery|Expandable Storage 32GB,899,4,149,Black,,,4 MB
IQOO Z6 Lite 5G (With Charger) (Stellar Green 128 GB),IQOO,Z6 Lite 5G (With Charger),15280,4.3,206,Stellar Green,,Android Q 12,128 GB
itel Magic X Pro 4G| 2500mAh Big Battery| Expandable Storage upto 64GB,itel,Magic X Pro 4G| 2500mAh Big Battery| Expandable Storage upto 64GB,2255,3.9,460,Blue,No,RTOS,128 MB
POCO X5 Pro 5G (Astral Black 128 GB),POCO,X5 Pro 5G,19999,4.3,1524,Astral Black,Yes,Android 12,128 GB
POCO X5 Pro 5G (Astral Black 256 GB),POCO,X5 Pro 5G,21999,4.3,1806,Astral Black,Yes,Android 12,256 GB
POCO C50 (Country Green 32 GB),POCO,C50,6299,4,1226,Country Green,Yes,Android 12 Go,32 GB
POCO M4 Pro (Yellow 128 GB),POCO,M4 Pro,12999,4.2,2008,Yellow,Yes,Android 11,128 GB
SAMSUNG Guru Music 2,SAMSUNG,Guru Music 2,2449,4.3,19132,Black,Yes,0,
SAMSUNG Galaxy F14 5G (OMG Black 128 GB),SAMSUNG,Galaxy F14 5G,14990,4.2,2869,OMG Black,,Android 13,128 GB
SAMSUNG Galaxy F13 (Nightsky Green 64 GB),SAMSUNG,Galaxy F13,10999,4.3,9877,Nightsky Green,,Android 12,64 GB
POCO M4 5G (Power Black 128 GB),POCO,M4 5G,12999,4.2,3406,Power Black,Yes,Android 12,128 GB
vivo T2 5G (Velocity Wave 128 GB),vivo,T2 5G,18999,4.4,3456,Velocity Wave,Yes,Android 13,128 GB
vivo T2 5G (Nitro Blaze 128 GB),vivo,T2 5G,20999,4.4,692,Nitro Blaze,Yes,Android 13,128 GB
vivo V27 5G (Magic Blue 128 GB),vivo,V27 5G,32999,4.4,2559,Magic Blue,Yes,Android 13,128 GB
SAMSUNG Galaxy M14 5G (Berry Blue 128 GB),SAMSUNG,Galaxy M14 5G,14654,4.2,278,Berry Blue,,Android Android 13.0,128 GB
vivo T2 5G (Nitro Blaze 128 GB),vivo,T2 5G,18999,4.4,3456,Nitro Blaze,Yes,Android 13,128 GB
REDMI 12 (Pastel Blue 128 GB),REDMI,12,11499,4.2,736,Pastel Blue,Yes,Android 13,128 GB
Infinix HOT 30 5G (Aurora Blue 128 GB),Infinix,HOT 30 5G,13499,4.2,625,Aurora Blue,Yes,Android 13,128 GB
vivo V27 5G (Noble Black 128 GB),vivo,V27 5G,32999,4.4,2559,Noble Black,Yes,Android 13,128 GB
OnePlus Nord CE3 5G (Aqua Surge 128 GB),OnePlus,Nord CE3 5G,26450,4.4,61,Aqua Surge,,Android Oxygen Android 13.1,128 GB
realme 11 Pro+ 5G (Oasis Green 256 GB),realme,11 Pro+ 5G,27999,4.3,2701,Oasis Green,Yes,Android 13,256 GB
POCO M6 Pro 5G (Power Black 128 GB),POCO,M6 Pro 5G,11999,4.4,967,Power Black,Yes,Android 13,128 GB
MOTOROLA g54 5G (Pearl Blue 128 GB),MOTOROLA,g54 5G,15999,4.1,137,Pearl Blue,Yes,Android 13,128 GB
OnePlus Nord CE3 5G (Grey Shimmer 128 GB),OnePlus,Nord CE3 5G,26696,4.4,61,Grey Shimmer,,Android Oxygen Android 13.1,128 GB
realme 11 Pro 5G (Oasis Green 256 GB),realme,11 Pro 5G,24999,4.3,3073,Oasis Green,Yes,Android 13,256 GB
POCO M6 Pro 5G (Power Black 128 GB),POCO,M6 Pro 5G,12999,4.3,539,Power Black,Yes,Android 13,128 GB
realme 11 Pro+ 5G (Sunrise Beige 256 GB),realme,11 Pro+ 5G,29999,4.3,986,Sunrise Beige,Yes,Android 13,256 GB
APPLE iPhone 14 Plus (Blue 128 GB),APPLE,iPhone 14 Plus,73999,4.6,966,Blue,,iOS 16,128 GB
realme 11 Pro 5G (Astral Black 256 GB),realme,11 Pro 5G,24999,4.3,3073,Astral Black,Yes,Android 13,256 GB
vivo V29e 5G (Artistic Blue 256 GB),vivo,V29e 5G,28999,4.4,527,Artistic Blue,,Android 13,256 GB
MOTOROLA e13 (Cosmic Black 64 GB),MOTOROLA,e13,6999,4,635,Cosmic Black,,Android 13 (Go Edition),64 GB
POCO M6 Pro 5G (Forest Green 128 GB),POCO,M6 Pro 5G,11999,4.4,967,Forest Green,Yes,Android 13,128 GB
POCO C50 (Royal Blue 32 GB),POCO,C50,5499,4.2,2933,Royal Blue,Yes,Android 12 Go,32 GB
REDMI A2 (Classic Black 64 GB),REDMI,A2,7240,4.1,39,Classic Black,,Android Android 13,64 GB
REDMI 12 (Moonstone Silver 128 GB),REDMI,12,11499,4.2,736,Moonstone Silver,Yes,Android 13,128 GB
Infinix SMART 7 (Emerald Green 128 GB),Infinix,SMART 7,7799,4.3,3767,Emerald Green,,Android 12,128 GB
MOTOROLA G32 (Mineral Gray 128 GB),MOTOROLA,G32,11999,4.1,4913,Mineral Gray,,Android 12,128 GB
POCO M6 Pro 5G (Power Black 64 GB),POCO,M6 Pro 5G,10999,4.4,967,Power Black,Yes,Android 13,64 GB
Infinix SMART 7 (Azure Blue 128 GB),Infinix,SMART 7,7799,4.3,3767,Azure Blue,,Android 12,128 GB
realme C51 (Carbon Black 64 GB),realme,C51,8999,4.4,256,Carbon Black,Yes,Android 13,64 GB
REDMI 12 (Jade Black 128 GB),REDMI,12,11499,4.2,736,Jade Black,Yes,Android 13,128 GB
POCO C51 - Locked with Airtel Prepaid (Power Black 64 GB),POCO,C51,5999,4.1,4449,Power Black,Yes,Android 13,64 GB
Infinix HOT 30i (Mirror Black 64 GB),Infinix,HOT 30i,8399,4.2,1033,Mirror Black,Yes,Android 12,64 GB
MOTOROLA e13 (Aurora Green 64 GB),MOTOROLA,e13,7999,4,4342,Aurora Green,,Android 13 (Go Edition),64 GB
realme C51 (Mint Green 64 GB),realme,C51,8999,4.4,256,Mint Green,Yes,Android 13,64 GB
Infinix SMART 7 (Azure Blue 64 GB),Infinix,SMART 7,9999,4.3,3767,Azure Blue,,Android 12,64 GB
POCO C50 (Country Green 32 GB),POCO,C50,5499,4.2,2933,Country Green,Yes,Android 12 Go,32 GB
MOTOROLA e32 (Arctic Blue 64 GB),MOTOROLA,e32,8999,3.9,1515,Arctic Blue,,Android 12,64 GB
Infinix SMART 7 (Emerald Green 64 GB),Infinix,SMART 7,9999,4.3,3767,Emerald Green,,Android 12,64 GB
realme 11x 5G (Purple Dawn 128 GB),realme,11x 5G,14999,4.4,988,Purple Dawn,,Android 13,128 GB
REDMI 12 (Jade Black 128 GB),REDMI,12,9999,4.2,1578,Jade Black,Yes,Android 13,128 GB
REDMI 12 (Pastel Blue 128 GB),REDMI,12,9999,4.2,1578,Pastel Blue,Yes,Android 13,128 GB
Infinix SMART 7 (Night Black 128 GB),Infinix,SMART 7,7799,4.3,3767,Night Black,,Android 12,128 GB
SAMSUNG Galaxy M33 5G (Deep Ocean Blue 128 GB),SAMSUNG,Galaxy M33 5G,17399,4.2,291,Deep Ocean Blue,,Android 12,128 GB
SAMSUNG Galaxy F04 (Opal Green 64 GB),SAMSUNG,Galaxy F04,8499,4.2,2542,Opal Green,,Android 12,64 GB
REDMI K50i 5G (Quick Silver 256 GB),REDMI,K50i 5G,23999,4.2,288,Quick Silver,Yes,Android 12,256 GB
realme C30s (Stripe Blue 32 GB),realme,C30s,6999,4.4,237,Stripe Blue,,Android 12,32 GB
SAMSUNG Galaxy F14 5G (GOAT Green 128 GB),SAMSUNG,Galaxy F14 5G,13990,4.2,1059,GOAT Green,,Android 13,128 GB
KARBONN KX 29,KARBONN,KX 29,1538,3.8,77,grey blue,,Android 13,32 MB
SAMSUNG Galaxy F62 (Laser Blue 128 GB),SAMSUNG,Galaxy F62,19990,4.2,11118,Laser Blue,Yes,Android 11,128 GB
APPLE iPhone 14 Pro (Deep Purple 128 GB),APPLE,iPhone 14 Pro,119900,4.6,130,Deep Purple,,iOS 16,128 GB
APPLE iPhone 12 (Purple 128 GB),APPLE,iPhone 12,51999,4.6,12872,Purple,Yes,iOS 14,128 GB
realme Narzo N53 (Feather Gold 64 GB),realme,Narzo N53,9770,4.2,106,Feather Gold,,Android Android 13.0,64 GB
Tecno Spark Go 2023 (Endless Black 32+3 GB),Tecno,Spark Go 2023,6795,4.1,51,Endless Black,Yes,Android 12,32+3 GB
REDMI A2+ (?Aqua Blue 64 GB),REDMI,A2+,8499,4,43,?Aqua Blue,,Android Android 13,64 GB
IQOO Z6 Lite 5G (With Charger) (Mystic Night 128 GB),IQOO,Z6 Lite 5G (With Charger),14990,4.3,206,Mystic Night,,Android Q 12,128 GB
Micromax S115,Micromax,S115,917,3.7,50,Red+Black,,,32 MB
Good One MAGIC,Good,MAGIC,1499,4,317,LIME GREEN,Yes,,32 MB
Infinix HOT 20 5G (Blaster Green 64 GB),Infinix,HOT 20 5G,13208,4.2,1305,Blaster Green,,Android 12,64 GB
Infinix HOT 20 5G (Space Blue 64 GB),Infinix,HOT 20 5G,13208,4.2,1305,Space Blue,,Android 12,64 GB
realme C30s (Stripe Blue 64 GB),realme,C30s,8499,4.2,412,Stripe Blue,,Android 12,64 GB
APPLE iPhone 12 (Black 128 GB),APPLE,iPhone 12,51999,4.6,12872,Black,Yes,iOS 14,128 GB
SAMSUNG Galaxy A14 5G (Dark Red 128 GB),SAMSUNG,Galaxy A14 5G,19999,4.1,,Dark Red,Yes,Android 13,128 GB
LAVA A1 Josh BOL,LAVA,A1 Josh BOL,1044,4.2,15,"Black, Gold",No,,4 MB
IAIR Basic Feature Dual Sim Mobile Phone with 1200mAh Battery 1.7 inch Display Screen Open FM in Green Color (FPD17 Green),IAIR,"Basic Feature Dual Sim Mobile Phone with 1200mAh Battery, 1.7 inch Display Screen, Open FM in Green Color (FPD17, Green)",799,3.8,17,Green,,,32 MB
realme Narzo N53 (Feather Gold 128 GB),realme,Narzo N53,11583,4.2,107,Feather Gold,,Android Android 13.0,128 GB
REDMI Note 12 5G (Mystique Blue 256 GB),REDMI,Note 12 5G,20999,4.1,150,Mystique Blue,Yes,Android 12,256 GB
realme C30s (Stripe Black 64 GB),realme,C30s,8499,4.2,412,Stripe Black,,Android 12,64 GB
MOTOROLA Edge 30 Fusion (Solar Gold 128 GB),MOTOROLA,Edge 30 Fusion,42999,4.3,693,Solar Gold,Yes,Android 12,128 GB
Good One Magic,Good,Magic,1499,4,317,White,Yes,,32 MB
itel A60 (VertMenthe 32 GB),itel,A60,5989,4,17,VertMenthe,,Android Android12,32 GB
REDMI Note 12 Pro+ 5G (Obsidian Black 256 GB),REDMI,Note 12 Pro+ 5G,32999,4.2,684,Obsidian Black,Yes,Android 12,256 GB
REDMI Note 12 5G (Frosted Green 128 GB),REDMI,Note 12 5G,16999,3.9,391,Frosted Green,Yes,Android 12,128 GB
APPLE Iphone 15 Plus (Pink 256 GB),APPLE,Iphone 15 Plus,99900,4.6,13,Pink,,iOS 17,256 GB
APPLE iPhone 14 Pro Max (Silver 128 GB),APPLE,iPhone 14 Pro Max,127999,4.6,153,Silver,,iOS 16,128 GB
Nokia 105 Dual SIM Keypad Mobile Phone with Wireless FM Radio,Nokia,"105 Dual SIM, Keypad Mobile Phone with Wireless FM Radio",1599,4.2,1627,Blue,No,Symbian,32 MB
SAMSUNG GALAXY M13 (Midnight Blue 128 GB),SAMSUNG,GALAXY M13,13000,4.2,68,Midnight Blue,,Android Q 12,128 GB
IAIR Dual Sim Basic Feature Mobile Phone WithMP3 with Recording,IAIR,"Dual Sim Basic Feature Mobile Phone With,MP3 with Recording",1099,3.7,15,Red,,4.1,32 MB
Good One Magic,Good,Magic,1499,4,317,golden,Yes,,32 MB
LAVA A7 Torch,LAVA,A7 Torch,1498,3.8,1,Blue,,,32 MB
itel A60 (VertMenthe 32 GB),itel,A60,5989,4,17,VertMenthe,,Android Android12,32 GB
KARBONN KX 29,KARBONN,KX 29,1538,3.8,77,Black + Red,,Android Android12,32 MB
Nokia 105 ss,Nokia,105 ss,1599,4.3,7378,Black,,Android Android12,4 MB
itel A60 (DawnBlue 32 GB),itel,A60,5897,4,17,DawnBlue,,Android Android12,32 GB
Xiaomi 11i Hypercharge 5G (Stealth Black 128 GB),Xiaomi,11i Hypercharge 5G,22990,4.2,751,Stealth Black,Yes,Android 11,128 GB
itel P40 (Dreamy Blue 32 GB),itel,P40,6599,4,5,Dreamy Blue,,Android 12,32 GB
APPLE iPhone SE 3rd Gen (Product (Red) 64 GB),APPLE,iPhone SE 3rd Gen,32699,4.4,104,Product (Red),,iOS 15,64 GB
APPLE iPhone 13 Pro Max (Alpine Green 512 GB),APPLE,iPhone 13 Pro Max,109999,4.6,185,Alpine Green,Yes,iOS 15,512 GB
Infinix Zero Ultra (Genesis Noir 256 GB),Infinix,Zero Ultra,36999,4,226,Genesis Noir,,Android 12,256 GB
Infinix HOT 20 5G (Racing Black 64 GB),Infinix,HOT 20 5G,13208,4.2,1305,Racing Black,,Android 12,64 GB
itel P40 (Dreamy Blue 64 GB),itel,P40,6965,4.1,22,Dreamy Blue,,Android Q,64 GB
I Kall K26,I,K26,749,3.5,92,Green,,,32 MB
MTR Ferrari,MTR,Ferrari,1350,4.1,478,Yellow,,,64 MB
Snexian GURU 312,Snexian,GURU 312,630,3.3,279,Black,,0,32 MB
REDMI A2 (Classic Black 32 GB),REDMI,A2,6476,4.1,39,Classic Black,,Android Android 12,32 GB
itel P40 (Luxurious Gold 32 GB),itel,P40,6599,4,5,Luxurious Gold,,Android 12,32 GB
MTR Ferrari,MTR,Ferrari,1350,4.1,478,Red,,,64 MB
REDMI A2 (Sea Green 32 GB),REDMI,A2,6699,4.1,39,Sea Green,,Android Android 12,32 GB
Kechaoda K66 The Music House 4,Kechaoda,K66 The Music House 4,1165,3.9,1367,Drak Blue,,0,64 MB
OPPO Reno10 Pro+ 5G (Silvery Grey 256 GB),OPPO,Reno10 Pro+ 5G,54999,4.5,261,Silvery Grey,Yes,Android 13,256 GB
Nothing Phone (2) (White 512 GB),Nothing,Phone (2),54999,4.4,506,White,Yes,Android 13,512 GB
KARBONN K110i,KARBONN,K110i,949,3.6,40,Black,,,
Kechaoda K28,Kechaoda,K28,1299,4,282,Blue,,,64 MB
KARBONN K531,KARBONN,K531,1395,3.9,47,White & Red,,,32 MB
KARBONN K110i,KARBONN,K110i,945,3.6,40,Blue,,,0 MB
MOTOROLA g13 (Matte Charcoal 128 GB),MOTOROLA,g13,9999,4,4324,Matte Charcoal,,Android 13,128 GB
KARBONN K531,KARBONN,K531,1389,3.9,47,Black & Red,,,32 MB
Nokia 106 4G Keypad Mobile Long-Lasting Battery MicroSD Card Slot,Nokia,"106 4G Keypad Mobile, Long-Lasting Battery, MicroSD Card Slot",2539,3.9,30,Charcoal,No,,32 MB
Tecno Pop 7 pro (?Uyuni Blue 64 GB),Tecno,Pop 7 pro,7490,4.8,2,?Uyuni Blue,,Android Android 12.0,64 GB
itel iPower 430 Triple sim|2500 mAh Battery|Expandable Storage upto 32GB,itel,iPower 430 Triple sim|2500 mAh Battery|Expandable Storage upto 32GB,1549,4,10,Orange,,Nucleus,8 MB
SAMSUNG Galaxy A34 5G (Awesome Graphite 256 GB),SAMSUNG,Galaxy A34 5G,30999,4.2,,Awesome Graphite,Yes,Android 13,256 GB
itel Vision2S (Gradation Purple 32 GB),itel,Vision2S,6283,4,103,Gradation Purple,,Android 11,32 GB
itel Ace2 Keypad Mobile| 1000 mAh Battery|Expandable Storage 32GB,itel,Ace2 Keypad Mobile| 1000 mAh Battery|Expandable Storage 32GB,999,4,149,Deep Blue,,,4 MB
Nothing Phone (2) (Dark Grey 128 GB),Nothing,Phone (2),44999,4.4,329,Dark Grey,Yes,Android 13,128 GB
vivo T1 44W (Midnight Galaxy 128 GB),vivo,T1 44W,14499,4.5,7345,Midnight Galaxy,Yes,Android 12,128 GB
Snexian Rock,Snexian,Rock,1499,4,782,Red,,0,32 MB
OPPO A17 (Sunlight Orange 64 GB),OPPO,A17,11999,4.3,443,Sunlight Orange,,Android 12,64 GB
APPLE iPhone 14 Pro (Gold 128 GB),APPLE,iPhone 14 Pro,119900,4.6,130,Gold,,iOS 16,128 GB
Tecno Pop 7 pro (?Endless Black 64 GB),Tecno,Pop 7 pro,7199,4.8,2,?Endless Black,,Android Android 12.0,64 GB
Snexian Rock,Snexian,Rock,1499,4,782,Blue,,0,32 MB
APPLE iPhone 14 Pro Max (Space Black 128 GB),APPLE,iPhone 14 Pro Max,127999,4.6,153,Space Black,,iOS 16,128 GB
Tecno Pova 3 (Tech Silver 64 GB),Tecno,Pova 3,10598,4.2,160,Tech Silver,,Android 12,64 GB
Snexian Guru Music 1,Snexian,Guru Music 1,630,3.5,240,Gold,,,32 MB
OPPO Reno8T 5G (Sunrise Gold 128 GB),OPPO,Reno8T 5G,29999,4.3,1327,Sunrise Gold,Yes,Android 13,128 GB
itel Power 440| 2500 mAh battery| Expandable Storage Upto 32GB,itel,Power 440| 2500 mAh battery| Expandable Storage Upto 32GB,1459,4,11,Deep Blue,,,32 MB
Snexian GURU 312,Snexian,GURU 312,670,3.3,279,Blue,,0,32 MB
Kechaoda K60,Kechaoda,K60,1799,4.1,138,Black,,0,32 MB
APPLE Iphone 15 Pro (White Titanium 256 GB),APPLE,Iphone 15 Pro,144900,4.7,3,White Titanium,,iOS 17,256 GB
SAMSUNG Galaxy Z Flip3 5G (Cream 128 GB),SAMSUNG,Galaxy Z Flip3 5G,95999,4.3,423,Cream,,Android 11,128 GB
OnePlus 11R 5G (Sonic Black 128 GB),OnePlus,11R 5G,39688,4.5,723,Sonic Black,,Android Oxygen OxygenOS based on Android 13,128 GB
Good One G5605,Good,G5605,999,3.8,518,Blue,,,32 MB
vivo V23 Pro 5G (Stardust Black 256 GB),vivo,V23 Pro 5G,33980,4.2,193,Stardust Black,Yes,Android 12,256 GB
I Kall S2 Pro (Deep purple 128 GB),I,S2 Pro,9999,3.7,1,Deep purple,Yes,Android Q 13.0,128 GB
KARBONN K310i,KARBONN,K310i,959,3.7,31,Sky Blue,No,Android Q 13.0,10 MB
HOTLINE H310,HOTLINE,H310,647,3.3,40,Dark Blue,,,32 MB
Nokia 130M DS 2023,Nokia,130M DS 2023,2149,4.1,22,Light Gold,,Series 30+,4 MB
POCO F5 5G (Snowstorm White 256 GB),POCO,F5 5G,30999,4.3,209,Snowstorm White,Yes,Android 13,256 GB
Kechaoda K60,Kechaoda,K60,1799,4.1,138,Gold,,0,32 MB
OnePlus 11 5G (Titan Black 256 GB),OnePlus,11 5G,59838,4.5,99,Titan Black,,Android OxygenOS based on Android 13,256 GB
Kechaoda K33,Kechaoda,K33,1129,4,582,Gold,,0,32 MB
REDMI Note 12 Pro 5G (Glacier Blue 256 GB),REDMI,Note 12 Pro 5G,28999,4,36,Glacier Blue,Yes,Android 12,256 GB
itel Power 440| 2500 mAh battery| Expandable Storage Upto 32GB,itel,Power 440| 2500 mAh battery| Expandable Storage Upto 32GB,1459,4,11,Black,,,32 MB
vivo T1 44W (Ice Dawn 128 GB),vivo,T1 44W,17999,4.3,564,Ice Dawn,Yes,Android 12,128 GB
SAMSUNG GALAXY M13 (Aqua Green 64 GB),SAMSUNG,GALAXY M13,10639,4.2,255,Aqua Green,,Android 12,64 GB
Infinix Hot 20 5G (Space Blue 128 GB),Infinix,Hot 20 5G,15321,4.1,698,Space Blue,,Android 12,128 GB
OPPO Reno10 Pro+ 5G (Glossy Purple 256 GB),OPPO,Reno10 Pro+ 5G,54999,4.5,261,Glossy Purple,Yes,Android 13,256 GB
Mi 10i (Midnight Black 128 GB),Mi,10i,20990,4.1,,Midnight Black,Yes,Android Q 11,128 GB
Infinix Hot 20 5G (Blaster Green 128 GB),Infinix,Hot 20 5G,15321,4.1,698,Blaster Green,,Android 12,128 GB
APPLE iPhone 13 Pro (Gold 512 GB),APPLE,iPhone 13 Pro,99999,4.7,122,Gold,Yes,iOS 15,512 GB
Kechaoda K115,Kechaoda,K115,1100,4.1,2369,Rose Gold,,iOS 15,32 MB
KARBONN Y1,KARBONN,Y1,998,3.8,20,Black & red,No,,32 MB
APPLE Iphone 15 Pro Max (White Titanium 512 GB),APPLE,Iphone 15 Pro Max,179900,4.8,2,White Titanium,,iOS 17,512 GB
Infinix Zero 20 (Green Fantasy 128 GB),Infinix,Zero 20,17999,4.1,591,Green Fantasy,,Android 12,128 GB
SAMSUNG Galaxy A04 (Green 64 GB),SAMSUNG,Galaxy A04,14999,3.9,5,Green,,Android 12,64 GB
SAMSUNG Galaxy A54 5G (Awesome Graphite 256 GB),SAMSUNG,Galaxy A54 5G,38999,4.3,,Awesome Graphite,,Android 13,256 GB
Kechaoda K115,Kechaoda,K115,1100,4.1,2369,Pink,,Android 13,32 MB
Kechaoda K115,Kechaoda,K115,1105,4.1,2369,Blue,,Android 13,32 MB
REDMI A1 (Black 32 GB),REDMI,A1,6490,4.2,425,Black,,Android,32 GB
Mi 10i (Atlantic Blue 128 GB),Mi,10i,20999,4.3,120,Atlantic Blue,Yes,Android Q 11,128 GB
LAVA LF9000,LAVA,LF9000,1689,4.2,10,Blue,,,20 MB
LAVA LF9000,LAVA,LF9000,1689,4.2,10,BLACK GOLD,No,,20 MB
Kechaoda A27,Kechaoda,A27,973,4,591,Gold,,,32 MB
Kechaoda K115,Kechaoda,K115,1105,4.1,2369,Orange,,,32 MB
Infinix Zero 5G 2023 TURBO (Coral Orange 256 GB),Infinix,Zero 5G 2023 TURBO,19999,4.1,511,Coral Orange,Yes,Android 12,256 GB
realme Narzo 60 5g (Cosmic Black 256 GB),realme,Narzo 60 5g,19987,4.3,70,Cosmic Black,,Android Android 13,256 GB
LAVA A1 2021,LAVA,A1 2021,1129,4,430,Black Gold,No,,24 MB
Tecno Spark Go 2023 (Nebula Purple 32 GB),Tecno,Spark Go 2023,6999,4.1,51,Nebula Purple,,Android 12,32 GB
APPLE iPhone 14 Pro (Silver 128 GB),APPLE,iPhone 14 Pro,119900,4.6,130,Silver,,iOS 16,128 GB
LAVA A1 2021,LAVA,A1 2021,1149,4.1,219,Candy Blue L,,,0 MB
LAVA A3,LAVA,A3,1387,4.2,2231,WHITE BEIGE PA,Yes,,0 GB
Kechaoda K112,Kechaoda,K112,1590,4,2372,Black,,,64 MB
Tecno Camon 20 Pro RGBW OIS Rear Camera 6.67 FHD (Serenity Blue 128 GB),Tecno,Camon 20 Pro RGBW OIS Rear Camera 6.67 FHD,19837,4.1,46,Serenity Blue,,Android 13,128 GB
Kechaoda K33,Kechaoda,K33,1150,4,582,Silver,,0,32 MB
MTR Ferrari,MTR,Ferrari,1350,4.1,478,Black,,,64 MB
vivo V23 Pro 5G (Stardust Black 128 GB),vivo,V23 Pro 5G,26899,4.3,409,Stardust Black,Yes,Android 12,128 GB
Micromax X708,Micromax,X708,1338,3.9,258,Black+Blue,,,32 MB
IQOO Neo 7 (Frost Blue 256 GB),IQOO,Neo 7,32699,4.4,5,Frost Blue,Yes,Android Q 13,256 GB
Tecno Spark 10 (Magic Skin Orange 128 GB),Tecno,Spark 10,9899,4.4,4,Magic Skin Orange,,Android Android13,128 GB
APPLE Iphone 15 (Blue 256 GB),APPLE,Iphone 15,89900,4.8,21,Blue,,iOS 17,256 GB
SAREGAMA Carvaan Mobile Tamil M21,SAREGAMA,Carvaan Mobile Tamil M21,2490,3.5,2,Emerald Green,,,2 GB
Infinix Hot 12 (Polar Black 64 GB),Infinix,Hot 12,9999,4.2,2013,Polar Black,,Android 11,64 GB
Google Pixel 7a (Sea 128 GB),Google,Pixel 7a,43999,4,729,Sea,Yes,Android 13,128 GB
Kechaoda A27,Kechaoda,A27,970,4,591,Rose Gold,,Android 13,32 MB
Kechaoda K60,Kechaoda,K60,1775,4.1,138,Grey,,0,32 MB
Google Pixel 7a (Charcoal 128 GB),Google,Pixel 7a,43999,4,729,Charcoal,Yes,Android 13,128 GB
vivo V27 Pro 5G (Magic Blue 256 GB),vivo,V27 Pro 5G,39999,4.4,950,Magic Blue,Yes,Android 13,256 GB
vivo V27 Pro 5G (Noble Black 256 GB),vivo,V27 Pro 5G,42999,4.4,134,Noble Black,Yes,Android 13,256 GB
APPLE Iphone 15 Pro (Natural Titanium 256 GB),APPLE,Iphone 15 Pro,144900,4.7,3,Natural Titanium,,iOS 17,256 GB
itel IT5626,itel,IT5626,1770,4,184,Black,,,8 MB
SAMSUNG Galaxy A14 5G (Dark Red 64 GB),SAMSUNG,Galaxy A14 5G,15999,4.1,,Dark Red,Yes,Android 13,64 GB
Infinix Hot 12 (Exploratory Blue 64 GB),Infinix,Hot 12,9999,4.2,2013,Exploratory Blue,,Android 11,64 GB
realme GT 2 Pro (Steel Black 256 GB),realme,GT 2 Pro,37999,4.4,109,Steel Black,,Android 12,256 GB
Kechaoda K115,Kechaoda,K115,1105,4.1,2369,Silver,,Android 12,32 MB
LAVA A5,LAVA,A5,1436,4.1,1249,Blue+silver S,,,24 MB
realme C30 (Denim Black 32 GB),realme,C30,5999,4.2,5733,Denim Black,,Android 11,32 GB
Micromax X702,Micromax,X702,1121,3.6,27,Blue,,,32 MB
Google Pixel 7a (Coral 128 GB),Google,Pixel 7a,43999,4,729,Coral,Yes,Android 13,128 GB
APPLE iPhone 14 Pro (Space Black 128 GB),APPLE,iPhone 14 Pro,119900,4.6,130,Space Black,,iOS 16,128 GB
Eunity U1 310,Eunity,U1 310,597,3.1,44,Blue & Green,,,16 MB
APPLE iPhone 14 (Midnight 256 GB),APPLE,iPhone 14,74999,4.6,1889,Midnight,,iOS 16,256 GB
I Kall K26,I,K26,749,3.5,92,Sky Blue,,,32 MB
I Kall Z17 Pro (Champagne 64 GB),I,Z17 Pro,7599,3.3,2,Champagne,,Android Q 11.0,64 GB
Nokia 105 SS 2021,Nokia,105 SS 2021,1599,4.2,6344,Black,,,4 MB
SAMSUNG Galaxy S22 Ultra 5G (Phantom Black 256 GB),SAMSUNG,Galaxy S22 Ultra 5G,85240,4.4,24,Phantom Black,Yes,Android 12,256 GB
Google Pixel 7a (Snow 128 GB),Google,Pixel 7a,43999,4,729,Snow,Yes,Android 13,128 GB
LAVA Flip,LAVA,Flip,1990,4.1,187,Blue,,,56 MB
Kechaoda K113,Kechaoda,K113,1420,4,15,Blue,,,64 MB
Nothing Phone (1) (Black 256 GB),Nothing,Phone (1),42999,4.3,801,Black,Yes,Android 12,256 GB
POCO F5 5G (Electric Blue 256 GB),POCO,F5 5G,30999,4.3,209,Electric Blue,Yes,Android 13,256 GB
APPLE iPhone 13 Pro Max (Graphite 512 GB),APPLE,iPhone 13 Pro Max,109999,4.6,185,Graphite,Yes,iOS 15,512 GB
MOTOROLA Edge 40 (Lunar Blue 256 GB),MOTOROLA,Edge 40,29999,4.2,3687,Lunar Blue,Yes,Android 13,256 GB
Nokia 150 Dual Sim Keypad MobileWireless FM radio Bluetooth MP3 player,Nokia,"150 Dual Sim Keypad Mobile,Wireless FM radio, Bluetooth, MP3 player",2495,4.1,1015,Black,,Series 30+,4 MB
vivo Y35 (Dawn Gold 128 GB),vivo,Y35,16290,4.4,252,Dawn Gold,Yes,Android 12,128 GB
Infinix Hot 20 5G (Racing Black 128 GB),Infinix,Hot 20 5G,15321,4.1,698,Racing Black,,Android 12,128 GB
Nothing Phone (1) (White 256 GB),Nothing,Phone (1),42999,4.3,801,White,Yes,Android 12,256 GB
Tecno POP 7 Pro (Uyuni Blue 64 GB),Tecno,POP 7 Pro,7489,4.1,7,Uyuni Blue,,Android 12,64 GB
Peace P3,Peace,P3,749,3.7,92,Red & Black,,,64 MB
itel A60S (Moonlit Violet 128 GB),itel,A60S,7089,4.1,4,Moonlit Violet,,Android Q 12,128 GB
Micromax X809,Micromax,X809,1299,3.7,511,Black,,,32 MB
REDMI Note 10S (Frost White 64 GB),REDMI,Note 10S,14999,4.4,5876,Frost White,Yes,Android 11,64 GB
KARBONN K140 Pop,KARBONN,K140 Pop,899,3.9,478,Red,,,32 MB
UiSmart Ui-06,UiSmart,Ui-06,1599,4,205,Gold,,0,256 MB
REDMI 10 (Caribbean Green 64 GB),REDMI,10,10999,4.3,15098,Caribbean Green,Yes,Android 11,64 GB
Infinix Zero 5G 2023 TURBO (Pearly White 256 GB),Infinix,Zero 5G 2023 TURBO,19999,4.1,511,Pearly White,Yes,Android 12,256 GB
I Kall Z19Pro (Blue 64 GB),I,Z19Pro,7679,3.3,65,Blue,,Android Q 11.0,64 GB
realme C30 (Denim Black 32 GB),realme,C30,6499,4.1,4023,Denim Black,,Android 11,32 GB
vivo T1 44W (Starry Sky 128 GB),vivo,T1 44W,17999,4.3,564,Starry Sky,Yes,Android 12,128 GB
Nokia 225 4G DS Keypad Mobile with Long Battery LifeBuilt-in Camera,Nokia,"225 4G DS Keypad Mobile with Long Battery Life,Built-in Camera",3999,3.7,1296,Black,,Series 30+,128 MB
REDMI NOTE 10 LITE (Glacier White 128 GB),REDMI,REDMI NOTE 10 LITE,12640,4.2,37,Glacier White,,Android Q 10,128 GB
vivo T1 44W (Midnight Galaxy 128 GB),vivo,T1 44W,17999,4.3,564,Midnight Galaxy,Yes,Android 12,128 GB
OnePlus 10R (Sierra Black 128 GB),OnePlus,10R,30490,4.3,261,Sierra Black,,Android 12,128 GB
LAVA Flip,LAVA,Flip,2090,4.1,187,Red,,,56 MB
REDMI 12C (Matte Black 6 GB),REDMI,12C,10890,3.7,5,Matte Black,,Android 12.0,6 GB
HOTLINE CLASSIC,HOTLINE,CLASSIC,649,2.9,0,Green,,Android 12.0,32 MB
Nokia 3310 Dual SIM Keypad Mobile with MP3 Player FM Radio & Rear Camera,Nokia,"3310 Dual SIM Keypad Mobile with MP3 Player, FM Radio & Rear Camera",3799,3.9,3154,Warm Red,,0,16 MB
I Kall K26,I,K26,749,3.5,92,Pink,,,32 MB
APPLE iPhone 14 Plus ((PRODUCT)RED 128 GB),APPLE,iPhone 14 Plus,73999,4.6,966,(PRODUCT)RED,,iOS 16,128 GB
vivo Y35 (Agate Black 128 GB),vivo,Y35,16999,4.4,252,Agate Black,Yes,Android 12,128 GB
vivo Y16 (Steller Black 64 GB),vivo,Y16,10975,4.3,264,Steller Black,Yes,Android 12,64 GB
SAMSUNG Galaxy M04 (Dark Blue 128 GB),SAMSUNG,Galaxy M04,8875,4.1,393,Dark Blue,,Android 12,128 GB
itel IT2163,itel,IT2163,1149,4.1,1054,Black,No,,4 MB
Tecno Camon20 Predawn 64MP Rear Camera (Predawn Black 256 GB),Tecno,Camon20 Predawn 64MP Rear Camera,15499,4.2,11,Predawn Black,,Android 13,256 GB
APPLE iPhone 14 Pro Max (Gold 128 GB),APPLE,iPhone 14 Pro Max,127999,4.6,153,Gold,,iOS 16,128 GB
SAMSUNG Galaxy F54 5G (Stardust Silver 256 GB),SAMSUNG,Galaxy F54 5G,29999,4.1,795,Stardust Silver,Yes,Android 13,256 GB
realme GT 2 (Paper White 128 GB),realme,GT 2,24999,4.3,2093,Paper White,,Android 12,128 GB
Nokia 105 Single SIM Keypad Mobile Phone with Wireless FM Radio,Nokia,"105 Single SIM, Keypad Mobile Phone with Wireless FM Radio",1599,4.1,2920,Blue,No,Symbian,32 MB
REDMI 10 Power (Power Black 128 GB),REDMI,REDMI 10 Power,12599,4.2,285,Power Black,,Android 13,128 GB
SAMSUNG Galaxy F13 (Sunrise Copper 128 GB),SAMSUNG,Galaxy F13,11999,4.3,9877,Sunrise Copper,,Android 12,128 GB
UiSmart Ui-06,UiSmart,Ui-06,1599,4,205,White,,0,256 MB
IQOO Neo 7 5G (Interstellar Black 128 GB),IQOO,Neo 7 5G,30998,4.4,125,Interstellar Black,,Android 13,128 GB
UiSmart Ui-06,UiSmart,Ui-06,1650,4,205,Black,,0,256 MB
I Kall K26,I,K26,749,3.5,92,Pink,,,32 MB
SAMSUNG Galaxy M14 5G (Berry Blue 128 GB),SAMSUNG,Galaxy M14 5G,15290,4.2,278,Berry Blue,,Android Android 13.0,128 GB
APPLE iPhone 13 Pro (Silver 512 GB),APPLE,iPhone 13 Pro,99999,4.7,122,Silver,Yes,iOS 15,512 GB
vivo T1 44W (Starry Sky 128 GB),vivo,T1 44W,19999,4.4,4428,Starry Sky,Yes,Android 12,128 GB
Infinix Zero 20 (DEEP GRAY 128 GB),Infinix,Zero 20,17999,4.1,591,DEEP GRAY,,Android 12,128 GB
realme GT 2 (Paper White 256 GB),realme,GT 2,28999,4.3,212,Paper White,,Android 12,256 GB
APPLE Iphone 15 (Yellow 128 GB),APPLE,Iphone 15,79900,4.8,21,Yellow,,iOS 17,128 GB
APPLE iPhone 14 (Starlight 256 GB),APPLE,iPhone 14,74999,4.6,1889,Starlight,,iOS 16,256 GB
KARBONN K140 Pop,KARBONN,K140 Pop,999,3.9,478,Blue,,,32 MB
realme GT 2 (Steel Black 256 GB),realme,GT 2,28999,4.3,212,Steel Black,,Android 12,256 GB
itel IT2163,itel,IT2163,1149,4.1,1054,Army Green,No,,4 MB
REDMI A1+ (Light Blue 32 GB),REDMI,A1+,6299,4.2,498,Light Blue,Yes,Android 12 Go,32 GB
Nokia 105 SS 2023,Nokia,105 SS 2023,1499,3.9,48,Charcoal,,Series 30+,4 MB
IQOO Z7s 5G (Pacific Night 128 GB),IQOO,Z7s 5G,18990,4.3,69,Pacific Night,,Android Android Funtouch OS 13 Based On Android 13,128 GB
KARBONN K310i,KARBONN,K310i,969,3.7,31,Blue,No,Android Android Funtouch OS 13 Based On Android 13,10 MB
Infinix Hot 12 Pro (Electric Blue 64 GB),Infinix,Hot 12 Pro,10999,4.2,688,Electric Blue,,Android 12,64 GB
SAMSUNG Guru Music 2,SAMSUNG,Guru Music 2,2299,4,202,Blue,No,1,NA KB
REDMI 10 (Midnight Black 128 GB),REDMI,10,10999,4.2,2969,Midnight Black,Yes,Android 11,128 GB
Infinix Hot 12 Pro (Racing Black 64 GB),Infinix,Hot 12 Pro,10999,4.2,688,Racing Black,,Android 12,64 GB
itel S23 (Graphite Black 128 GB),itel,S23,8599,3.7,2,Graphite Black,,Android Q 12,128 GB
realme GT 2 (Paper Green 128 GB),realme,GT 2,24999,4.3,2093,Paper Green,,Android 12,128 GB
itel P40 (Force Black 64 GB),itel,P40,6999,4.1,22,Force Black,,Android Q,64 GB
DIZO Star 300,DIZO,Star 300,1338,3.9,1278,Blue,,,32 MB
Infinix Note 12 Pro 5G (Force Black 128 GB),Infinix,Note 12 Pro 5G,18999,4.1,3691,Force Black,Yes,Android 12,128 GB
APPLE iPhone 12 (Green 128 GB),APPLE,iPhone 12,51999,4.6,12872,Green,Yes,iOS 14,128 GB
POCO M3 (Power Black 64 GB),POCO,M3,10990,4.3,34861,Power Black,Yes,Android 10,64 GB
Tecno Camon 20 Pro (Dark Welkin 256 GB),Tecno,Camon 20 Pro,21999,4.2,37,Dark Welkin,,Android 13,256 GB
APPLE iPhone SE 3rd Gen (Midnight 64 GB),APPLE,iPhone SE 3rd Gen,32699,4.4,104,Midnight,,iOS 15,64 GB
Snexian Rock,Snexian,Rock,1499,4,782,Gold,,0,32 MB
itel it5026 Keypad Mobile|1200 mAh battery|Expandable Storage upto 32GB,itel,it5026 Keypad Mobile|1200 mAh battery|Expandable Storage upto 32GB,1289,4,137,Peacock Green,No,,4 MB
SAMSUNG Galaxy A03 Core (Bronze 32 GB),SAMSUNG,Galaxy A03 Core,6794,4.1,317,Bronze,,Android Q 11,32 GB
SAMSUNG Galaxy A53 (Awesome Peach 256 GB),SAMSUNG,Galaxy A53,38990,4.1,173,Awesome Peach,,Android 12,256 GB
Infinix Hot 12 Pro (Halo White 64 GB),Infinix,Hot 12 Pro,10999,4.2,688,Halo White,,Android 12,64 GB
Nokia 105 SS 2023,Nokia,105 SS 2023,1419,3.9,48,CYAN,,Series 30+,4 MB
MOTOROLA g42 (Atlantic Green 64 GB),MOTOROLA,g42,9999,4.2,1175,Atlantic Green,,Android 12,64 GB
APPLE Iphone 15 Pro Max (Blue Titanium 512 GB),APPLE,Iphone 15 Pro Max,179900,4.8,2,Blue Titanium,,iOS 17,512 GB
Tecno Spark Go 2023 (Endless Black 64 GB),Tecno,Spark Go 2023,7290,4.1,51,Endless Black,,Android 12,64 GB
Kechaoda K115,Kechaoda,K115,1095,4.1,2369,Gold,,Android 12,32 MB
I Kall Z19 Prime Plus (Gold 128 GB),I,Z19 Prime Plus,8799,3.8,1,Gold,Yes,Android Q 13.0,128 GB
itel Muzik 110| 1900 mAh battery| Expandable Storage upto 32GB,itel,Muzik 110| 1900 mAh battery| Expandable Storage upto 32GB,1249,4.1,44,Black,No,,4 MB
Micromax X702,Micromax,X702,1108,3.6,27,Black,,,32 MB
Itel Magic2 4G (WiFi Hotspot Tethering),Itel,Magic2 4G,2380,3.9,2774,Black,,,128 MB
vivo Y36 (Vibrant Gold 128 GB),vivo,Y36,15999,4.2,,Vibrant Gold,Yes,Android 13,128 GB
vivo T1 44W (Ice Dawn 128 GB),vivo,T1 44W,14499,4.5,7345,Ice Dawn,Yes,Android 12,128 GB
Xiaomi 11i Hypercharge 5G (Pacific Pearl 128 GB),Xiaomi,11i Hypercharge 5G,23999,4.2,751,Pacific Pearl,Yes,Android 11,128 GB
Tecno Camon 20 Pro (Serenity Blue 256 GB),Tecno,Camon 20 Pro,21999,4.2,37,Serenity Blue,,Android 13,256 GB
itel Power110Neo| 2500 mAh battery| Expandable Storage Upto 32GB,itel,Power110Neo| 2500 mAh battery| Expandable Storage Upto 32GB,1339,4.5,2,Grey,,1,32 MB
SAMSUNG Galaxy M14 5G (ICY Silver 128 GB),SAMSUNG,Galaxy M14 5G,13880,4.2,96,ICY Silver,,Android Android 13.0,128 GB
OPPO Reno8T 5G (Midnight Black 128 GB),OPPO,Reno8T 5G,29999,4.3,1327,Midnight Black,Yes,Android 13,128 GB
Xiaomi 12 Pro 5G (Opera Mauve 256 GB),Xiaomi,12 Pro 5G,46999,4.1,67,Opera Mauve,Yes,Android 12,256 GB
HOTLINE CLASSIC,HOTLINE,CLASSIC,649,2.9,0,Wine Red,,Android 12,32 MB
Cellecor C60+,Cellecor,C60+,1313,3.7,19,ROYAL BLACK,Yes,,32 MB
SAMSUNG GALAXY M13 (Stardust Brown 64 GB),SAMSUNG,GALAXY M13,10639,4.2,255,Stardust Brown,,Android Q 12,64 GB
itel P40 (Force Black 64 GB),itel,P40,6995,4.1,22,Force Black,,Android Q,64 GB
MOTOROLA g31 (Meteorite Grey 64 GB),MOTOROLA,g31,11999,4.2,4439,Meteorite Grey,,Android 11,64 GB
Mi 11X (Cosmic Black 128 GB),Mi,11X,22490,4.1,255,Cosmic Black,,Android Q 11,128 GB
Cellecor C60+,Cellecor,C60+,1313,3.7,19,RED WINE,Yes,,32 MB
OnePlus 11 5G (Eternal Green 256 GB),OnePlus,11 5G,59995,4.5,99,Eternal Green,,Android OxygenOS based on Android 13,256 GB
Tecno Spark Go 2023 (Nebula Purple 64 GB),Tecno,Spark Go 2023,7998,4.1,51,Nebula Purple,,Android 12,64 GB
REDMI Note 12 Pro 5G (Onyx Black 128 GB),REDMI,Note 12 Pro 5G,24999,4.2,1797,Onyx Black,Yes,Android 12,128 GB
Mi 11X (Lunar White 128 GB),Mi,11X,21999,4.2,295,Lunar White,Yes,Android 11,128 GB
itel it5029 Keypad Mobile|1200 mAh battery|Expandable Storage upto 32GB,itel,it5029 Keypad Mobile|1200 mAh battery|Expandable Storage upto 32GB,1329,3.9,11,Green,,,32 MB
Tecno Camon 18 (Dusk Grey 128 GB),Tecno,Camon 18,12890,4.2,32,Dusk Grey,,Android Android 11,128 GB
KARBONN KX30,KARBONN,KX30,1355,3.8,2,Pearl White,,Android Q 4.1,32 MB
Xiaomi 12 Pro 5G (Noir Black 256 GB),Xiaomi,12 Pro 5G,46999,4.1,67,Noir Black,Yes,Android 12,256 GB
LAVA A1 Vibe,LAVA,A1 Vibe,1179,4.7,,"Blue, Silver",No,,24 MB
Kechaoda K28,Kechaoda,K28,1275,4,282,Black + Grey,,,64 MB
MOTOROLA e40 (Carbon Gray 64 GB),MOTOROLA,e40,8999,4.1,7766,Carbon Gray,,Android 11,64 GB
SAMSUNG Galaxy A14 5G (Light Green 128 GB),SAMSUNG,Galaxy A14 5G,17999,4.1,,Light Green,Yes,Android 13,128 GB
OPPO A78 (Mist Black 128 GB),OPPO,A78,17499,4.3,11,Mist Black,Yes,Android 13,128 GB
Kechaoda K10,Kechaoda,K10,1120,3.9,941,Grey,,0,32 MB
realme 9i 5G (Soulful Blue 128 GB),realme,9i 5G,16999,4.3,713,Soulful Blue,Yes,Android 12,128 GB
Snexian BOLD 888,Snexian,BOLD 888,1299,4.2,0,Gold,,Android 12,32 MB
Tecno Spark Go 2023 (Uyuni Blue 64 GB),Tecno,Spark Go 2023,7990,4.1,8,Uyuni Blue,,Android 12,64 GB
MOTOROLA e22s (Eco Black 64 GB),MOTOROLA,e22s,8350,3.9,27,Eco Black,,Android 12,64 GB
itel P40 (Luxurious Gold 64 GB),itel,P40,6985,4.1,22,Luxurious Gold,,Android Q,64 GB
Snexian Guru 310,Snexian,Guru 310,670,3.3,1796,Black,,0,64 MB
DIZO Star 300,DIZO,Star 300,1298,3.9,1278,Red,,,32 MB
vivo Y56 5G (Orange Shimmer 128 GB),vivo,Y56 5G,18999,4.2,,Orange Shimmer,,Android 13,128 GB
APPLE iPhone 11 (White 128 GB),APPLE,iPhone 11,40999,4.6,11429,White,,iOS 14.2,128 GB
Kechaoda K28,Kechaoda,K28,1269,4,282,Gold,,,64 MB
LAVA A3 Power,LAVA,A3 Power,1482,4.1,298,Aqua Grey,,,24 MB
Kechaoda K90,Kechaoda,K90,1499,3.5,62,Black,No,0.2,32 GB
Snexian BOLD,Snexian,BOLD,1199,3.8,71,Black,,1.41,256 MB
Kechaoda K115,Kechaoda,K115,1059,4.1,2369,Red,,1.41,32 MB
Tecno Spark 10C (Meta Green 8 GB),Tecno,Spark 10C,9460,4,11,Meta Green,,Android 12,8 GB
SAREGAMA Carvaan Mobile M21 with 1500 pre-loaded songs,SAREGAMA,Carvaan Mobile M21 with 1500 pre-loaded songs,2490,3.9,34,Emerald Green,,,8 GB
REDMI 12C (Mint Green 64 GB),REDMI,12C,8890,4.2,193,Mint Green,,Android 12.0,64 GB
vivo Y36 (Meteor Black 128 GB),vivo,Y36,15999,4.2,,Meteor Black,Yes,Android 13,128 GB
OPPO A78 (Aqua Green 128 GB),OPPO,A78,17499,4.3,11,Aqua Green,Yes,Android 13,128 GB
Kechaoda K90,Kechaoda,K90,1540,3.5,62,Green,No,0.2,32 GB
Kechaoda K115 PRO,Kechaoda,K115 PRO,1170,4,14,Blue Purple,,0.2,32 MB
Infinix Note 12 Pro 5G (Snowfall 128 GB),Infinix,Note 12 Pro 5G,18999,4.1,3691,Snowfall,Yes,Android 12,128 GB
Tecno Spark 10 5G Ultra Clear 50MP 5G 7nm Processor (Meta Blue 128 GB),Tecno,Spark 10 5G Ultra Clear 50MP 5G 7nm Processor,13288,4.1,3,Meta Blue,,Android 13,128 GB
REDMI 12c (Lavender Purple 64 GB),REDMI,12c,8681,4.2,193,Lavender Purple,,Android 12.0,64 GB
Tecno Camon 20 Pro (Dark Welkin 128 GB),Tecno,Camon 20 Pro,19840,4.2,37,Dark Welkin,,Android 13,128 GB
itel it5029 Keypad Mobile|1200 mAh battery|Expandable Storage upto 32GB,itel,it5029 Keypad Mobile|1200 mAh battery|Expandable Storage upto 32GB,1329,3.9,11,Deep Blue,,,32 MB
LAVA A5,LAVA,A5,1549,4.1,1249,Gradient Blue S,,,24 MB
I Kall K3310,I,K3310,744,3.6,7406,Black,,,64 MB
itel Muzik 110| 1900 mAh battery| Expandable Storage upto 32GB,itel,Muzik 110| 1900 mAh battery| Expandable Storage upto 32GB,1249,4.1,44,White,No,,4 MB
vivo Y16 (Steller Black 128 GB),vivo,Y16,11800,4.3,,Steller Black,Yes,Android 12,128 GB
vivo V27 Pro 5G (Noble Black 128 GB),vivo,V27 Pro 5G,37999,4.4,950,Noble Black,Yes,Android 13,128 GB
SAMSUNG GALAXY M13 (Midnight Blue 64 GB),SAMSUNG,GALAXY M13,10640,4.2,255,Midnight Blue,,Android Q ANDROID 12.0,64 GB
I Kall K3310,I,K3310,744,3.6,7406,Dark Orange,,,31 MB
Kechaoda K55,Kechaoda,K55,1185,3.6,24,Rose Pink,,0,64 MB
Kechaoda K1,Kechaoda,K1,1234,4,35,Red,,0.1,32 MB
I Kall K3310,I,K3310,744,3.6,7406,Yellow,,,32 MB
Snexian BOLD,Snexian,BOLD,1199,3.8,71,Red,,1.41,256 MB
APPLE iPhone 14 Plus (Yellow 128 GB),APPLE,iPhone 14 Plus,73999,4.6,966,Yellow,,iOS 16,128 GB
IAIR Basic Feature Dual Sim Mobile Phone with 2800mAh Battery 1.77 inch Display Screen 0.8 mp Camera with Glossy Finish (D15 Gold),IAIR,"Basic Feature Dual Sim Mobile Phone with 2800mAh Battery, 1.77 inch Display Screen, 0.8 mp Camera with Glossy Finish (D15, Gold)",999,3.6,44,Gold,,,32 MB
Kechaoda K66 The Music House 4,Kechaoda,K66 The Music House 4,1165,3.9,1367,Mystic Gold,,0,64 MB
SAMSUNG Galaxy F23 5G (Forest Green 128 GB),SAMSUNG,Galaxy F23 5G,15999,4.2,3509,Forest Green,Yes,Android 12,128 GB
Infinix Hot 12 Pro (Racing Black 128 GB),Infinix,Hot 12 Pro,12999,4,445,Racing Black,,Android 12,128 GB
SAMSUNG Galaxy Z Fold5 (Icy Blue 256 GB),SAMSUNG,Galaxy Z Fold5,154999,4.7,10,Icy Blue,,Android 13,256 GB
vivo Y02 (Sunset Gold 32 GB),vivo,Y02,8728,4.2,50,Sunset Gold,,Android Q 12,32 GB
LAVA YUVA 2 PRO (LAVENDER 64 GB),LAVA,YUVA 2 PRO,8299,4.1,34,LAVENDER,,Android 12,64 GB
Infinix Hot 12 Pro (Lightsaber Green 128 GB),Infinix,Hot 12 Pro,12999,4,445,Lightsaber Green,,Android 12,128 GB
Tecno Spark 10 (Meta Black 128 GB),Tecno,Spark 10,10887,4.4,4,Meta Black,,Android 13,128 GB
REDMI Note 12 Pro 5G (Glacier Blue 128 GB),REDMI,Note 12 Pro 5G,24999,4.2,1797,Glacier Blue,Yes,Android 12,128 GB
IQOO Neo 7 5G (Frost Blue 128 GB),IQOO,Neo 7 5G,29999,4.4,125,Frost Blue,,Android 13,128 GB
SAREGAMA Carvaan Mobile Bhakti Don Lite M23 with 351 pre-loaded superhit songs,SAREGAMA,Carvaan Mobile Bhakti Don Lite M23 with 351 pre-loaded superhit songs,1899,4.9,,Iris Orange,,,2 GB
Nokia 110 DS,Nokia,110 DS,1742,4,61,Charcoal,,Series 30 Series 30 Series 30+,32 MB
itel it5026 Keypad Mobile|1200 mAh battery|Expandable Storage upto 32GB,itel,it5026 Keypad Mobile|1200 mAh battery|Expandable Storage upto 32GB,1289,4,137,Black,,,4 MB
APPLE Iphone 15 Plus (Yellow 256 GB),APPLE,Iphone 15 Plus,99900,4.6,13,Yellow,,iOS 17,256 GB
Infinix Hot 12 Pro (Electric Blue 128 GB),Infinix,Hot 12 Pro,12999,4,445,Electric Blue,,Android 12,128 GB
Kechaoda K1,Kechaoda,K1,1299,4,35,Black,,0.1,32 MB
REDMI 12C (Royal Blue 64 GB),REDMI,12C,8774,4.2,193,Royal Blue,,Android 12.0,64 GB
Nokia 110 DS,Nokia,110 DS,1799,4,61,Rosegold,,Series 30 Series 30 Series 30+,32 MB
itel it5026 Keypad Mobile|1200 mAh battery|Expandable Storage upto 32GB,itel,it5026 Keypad Mobile|1200 mAh battery|Expandable Storage upto 32GB,1289,4,137,Blue,,,4 MB
APPLE iPhone 14 Plus (Starlight 256 GB),APPLE,iPhone 14 Plus,83999,4.6,966,Starlight,,iOS 16,256 GB
SAMSUNG Galaxy F23 5G (Aqua Blue 128 GB),SAMSUNG,Galaxy F23 5G,15999,4.2,3509,Aqua Blue,Yes,Android 12,128 GB
realme GT 2 (Paper Green 256 GB),realme,GT 2,28999,4.3,212,Paper Green,,Android 12,256 GB
SAMSUNG GURU GT,SAMSUNG,GURU GT,1649,4.1,236,Indigo Blue,,Android 12,153 MB
SAMSUNG Galaxy A21s (Blue 64 GB),SAMSUNG,Galaxy A21s,13990,4.2,904,Blue,,Android 10,64 GB
HOTLINE CLASSIC,HOTLINE,CLASSIC,649,2.9,0,Green,,Android 10,32 MB
APPLE Iphone 15 Pro Max (Black Titanium 256 GB),APPLE,Iphone 15 Pro Max,159900,4.8,2,Black Titanium,,iOS 17,256 GB
Tecno Camon20 Predawn 64MP Rear Camera (Predawn Black 256 GB),Tecno,Camon20 Predawn 64MP Rear Camera,15499,4.2,11,Predawn Black,,Android 13,256 GB
vivo Y35 (Agate Black 128 GB),vivo,Y35,16999,4.4,252,Agate Black,Yes,Android 12,128 GB
APPLE iPhone 14 Plus ((PRODUCT)RED 128 GB),APPLE,iPhone 14 Plus,73999,4.6,966,(PRODUCT)RED,,iOS 16,128 GB
Nokia 3310 Dual SIM Keypad Mobile with MP3 Player FM Radio & Rear Camera,Nokia,"3310 Dual SIM Keypad Mobile with MP3 Player, FM Radio & Rear Camera",3799,3.9,3154,Warm Red,,0,16 MB
SAREGAMA Carvaan Mobile Tamil M21,SAREGAMA,Carvaan Mobile Tamil M21,2490,3.5,2,Royal Blue,,,2 GB
SAREGAMA Carvaan Mobile Tamil M21,SAREGAMA,Carvaan Mobile Tamil M21,2490,3.5,2,Metallic Red,,,2 GB
SAMSUNG Galaxy A14 5G (Black 64 GB),SAMSUNG,Galaxy A14 5G,15999,4.1,,Black,Yes,Android 13,64 GB
REDMI 12c (Mint Green 6 GB),REDMI,12c,9825,3.7,5,Mint Green,,Android 12.0,6 GB
REDMI 12C (Lavender Purple 6 GB),REDMI,12C,10480,3.7,5,Lavender Purple,,Android 12.0,6 GB
Nokia 105,Nokia,105,1599,4.2,1573,charcoal,,Series 30 0,4 MB
Snexian GURU 2173,Snexian,GURU 2173,630,3.9,,Black+Blue,,Series 30 0,32 MB
APPLE Iphone 15 Plus (Black 128 GB),APPLE,Iphone 15 Plus,89900,4.6,13,Black,,iOS 17,128 GB
Infinix Zero 5G 2023 TURBO (Submariner Black 256 GB),Infinix,Zero 5G 2023 TURBO,19999,4.1,511,Submariner Black,Yes,Android 12,256 GB
itel It2171 Keypad Mobile|1000 mAh battery|Expandable Storage upto 32GB,itel,It2171 Keypad Mobile|1000 mAh battery|Expandable Storage upto 32GB,1140,4,533,deep blue,,,32 MB
MTR FERRARI,MTR,FERRARI,1350,4.1,478,Gold,,,64 MB
Infinix Zero 20 (Glitter Gold 128 GB),Infinix,Zero 20,17999,4.1,591,Glitter Gold,,Android 12,128 GB
Nokia C32 (Charcoal 128 GB),Nokia,C32,9299,3.7,37,Charcoal,No,Android 13,128 GB
IQOO Neo 7 Pro (Dark Storm 256 GB),IQOO,Neo 7 Pro,41960,4.5,7,Dark Storm,,Android Funtouch OS 13 Based On Android 13,256 GB
Infinix Hot 12 (7 Purple 64 GB),Infinix,Hot 12,9999,4.2,2013,7 Purple,,Android 11,64 GB
Infinix Hot 12 (Turquoise Cyan 64 GB),Infinix,Hot 12,9999,4.2,2013,Turquoise Cyan,,Android 11,64 GB
realme GT 2 (Steel Black 128 GB),realme,GT 2,24999,4.3,2093,Steel Black,,Android 12,128 GB
Nokia 125 Dual SIM Feature Mobile Wireless FM Radio and Built-in Torch,Nokia,"125 Dual SIM Feature Mobile, Wireless FM Radio and Built-in Torch",2095,4,686,Black,,Series 30+,4 MB
itel IT5626,itel,IT5626,1799,4,184,Dark Green,,,8 MB
APPLE iPhone 12 (White 128 GB),APPLE,iPhone 12,51999,4.6,12872,White,Yes,iOS 14,128 GB
Kechaoda A26,Kechaoda,A26,955,4,1207,Pink,,iOS 14,32 MB
vivo Y16 (Drizzling Gold 64 GB),vivo,Y16,10990,4.3,264,Drizzling Gold,Yes,Android 12,64 GB
APPLE iPhone 14 Pro (Space Black 256 GB),APPLE,iPhone 14 Pro,129900,4.6,130,Space Black,,iOS 16,256 GB
Kechaoda K116,Kechaoda,K116,1199,3.9,481,Black,,iOS 16,32 MB
APPLE iPhone SE 3rd Gen (Starlight 128 GB),APPLE,iPhone SE 3rd Gen,36999,4.4,104,Starlight,,iOS 15,128 GB
Kechaoda K115,Kechaoda,K115,1109,4.1,2369,Green,,iOS 15,32 MB
KARBONN K531,KARBONN,K531,1390,3.9,47,WHITE + RED,,,32 MB
SAMSUNG Galaxy A34 5G (Awesome Lime 256 GB),SAMSUNG,Galaxy A34 5G,30999,4.2,,Awesome Lime,Yes,Android 13,256 GB
SAREGAMA Carvaan Keypad phone Bhojpuri M21 with Pre-loaded Hindi & Bhojpuri songs,SAREGAMA,Carvaan Keypad phone Bhojpuri M21 with Pre-loaded Hindi & Bhojpuri songs,2490,4.1,2,Classic Black,,,2 GB
SAMSUNG Galaxy A54 5G (Awesome Violet 128 GB),SAMSUNG,Galaxy A54 5G,36999,4.3,,Awesome Violet,,Android 13,128 GB
Snexian Rock,Snexian,Rock,1499,4,782,Black,,0,32 MB
SAMSUNG 1215,SAMSUNG,1215,2099,3.9,1,Black,,1,153 MB
REDMI 10 (Midnight Black 64 GB),REDMI,10,10999,4.3,15098,Midnight Black,Yes,Android 11,64 GB
APPLE iPhone 14 (Blue 256 GB),APPLE,iPhone 14,74999,4.6,1889,Blue,,iOS 16,256 GB
IQOO Neo 7 5G (Interstellar Black 256 GB),IQOO,Neo 7 5G,33995,4.4,38,Interstellar Black,,Android 13,256 GB
itel MagicX 4G| 1200 mAh battery| Expanadable Storage upto 64GB,itel,MagicX 4G| 1200 mAh battery| Expanadable Storage upto 64GB,2138,3.9,71,White,,RTOS (Mocor),128 MB
itel Magic3 Smart Touch Keypad,itel,Magic3 Smart Touch Keypad,1820,4,128,Gradation Blue,,,8 MB
APPLE iPhone 14 (Purple 256 GB),APPLE,iPhone 14,74999,4.6,1889,Purple,,iOS 16,256 GB
REDMI 10 Power (Sporty Orange 128 GB),REDMI,REDMI 10 Power,13499,4.2,285,Sporty Orange,,Android 13,128 GB
Tecno Spark Go 2023 (Nebula Purple 64 GB),Tecno,Spark Go 2023,7930,4.1,8,Nebula Purple,,Android 12,64 GB
itel Power 440| 2500 mAh battery| Expandable Storage Upto 32GB,itel,Power 440| 2500 mAh battery| Expandable Storage Upto 32GB,1470,4,11,Light Green,,,32 MB
itel MagicX 4G| 1200 mAh battery| Expanadable Storage upto 64GB,itel,MagicX 4G| 1200 mAh battery| Expanadable Storage upto 64GB,2149,3.9,71,Black,,RTOS (Mocor),128 MB
APPLE iPhone 14 Plus (Midnight 256 GB),APPLE,iPhone 14 Plus,83999,4.6,966,Midnight,,iOS 16,256 GB
KARBONN Y1,KARBONN,Y1,998,3.8,20,White and Grey,No,,32 MB
Kechaoda K115,Kechaoda,K115,1108,4.1,2369,Yellow,,,32 MB
realme Narzo N55 (Prime Black 64 GB),realme,Narzo N55,10727,4.2,102,Prime Black,,Android 13,64 GB
REDMI 12C (Matte Black 64 GB),REDMI,12C,8622,4.2,193,Matte Black,,Android 12.0,64 GB
itel iPower 430 Triple sim|2500 mAh Battery|Expandable Storage upto 32GB,itel,iPower 430 Triple sim|2500 mAh Battery|Expandable Storage upto 32GB,1539,4,10,Black,,Nucleus,8 MB
KARBONN K110i,KARBONN,K110i,944,3.6,40,Green,,,0 MB
Nokia G21 Dual Sim 50MP Camera 8MP Front Camera (Dusk 128 GB),Nokia,"G21 Dual Sim 50MP Camera, 8MP Front Camera",13499,4,254,Dusk,Yes,Android 11,128 GB
APPLE iPhone 14 Plus (Purple 256 GB),APPLE,iPhone 14 Plus,83999,4.6,966,Purple,,iOS 16,256 GB
APPLE iPhone 13 Pro (Graphite 1 TB),APPLE,iPhone 13 Pro,125999,4.7,122,Graphite,Yes,iOS 15,1 TB
realme Narzo N53 (Feather Black 128 GB),realme,Narzo N53,12398,4.2,107,Feather Black,,Android Android 13.0,128 GB
Nokia 130M DS 2023,Nokia,130M DS 2023,2069,4.4,,Dark Blue,,Series 30+,4 MB
APPLE iPhone 12 (Blue 128 GB),APPLE,iPhone 12,51999,4.6,12872,Blue,Yes,iOS 14,128 GB
SAMSUNG Galaxy A34 5G (Awesome Violet 128 GB),SAMSUNG,Galaxy A34 5G,28999,4.2,228,Awesome Violet,Yes,Android 13,128 GB
Good One G5605,Good,G5605,999,3.8,518,GOLD & BLACK,,,32 MB
Tecno Spark 9 (Glacier White 64 GB),Tecno,Spark 9,8400,4.1,46,Glacier White,,Android Android12,64 GB
Tecno Spark Go 2023 6.56 HD+Display 13MP Dual Camera (UYUNI BLUE 64 GB),Tecno,Spark Go 2023 6.56 HD+Display 13MP Dual Camera,7773,4,6,UYUNI BLUE,,Android Q Android 12,64 GB
SAMSUNG Galaxy M33 5G (Emerald Brown 128 GB),SAMSUNG,Galaxy M33 5G,17347,4.2,291,Emerald Brown,,Android 12,128 GB
REDMI Note 12 Pro 5G (Onyx Black 256 GB),REDMI,Note 12 Pro 5G,28999,4,36,Onyx Black,Yes,Android 12,256 GB
SAMSUNG Galaxy A34 5G (Awesome Violet 256 GB),SAMSUNG,Galaxy A34 5G,30999,4.2,228,Awesome Violet,Yes,Android 13,256 GB
LAVA A1 Josh 2021,LAVA,A1 Josh 2021,1099,4.1,713,Blue Silver L,No,,0 MB
POCO F5 5G (Carbon Black 256 GB),POCO,F5 5G,30999,4.3,209,Carbon Black,Yes,Android 13,256 GB
IQOO Z7S 5G (Pacific Night 128 GB),IQOO,Z7S 5G,19970,4.3,69,Pacific Night,,Android Q 13,128 GB
APPLE iPhone 12 (White 128 GB),APPLE,iPhone 12,51999,4.6,12872,White,Yes,iOS 14,128 GB
Tecno Pova 3 (Tech Silver 128 GB),Tecno,Pova 3,13999,4.1,24,Tech Silver,,Android 12,128 GB
REDMI Note 11 SE (Thunder Purple 64 GB),REDMI,Note 11 SE,12890,4.3,2894,Thunder Purple,Yes,Android 11,64 GB
vivo Y16 (Steller Black 64 GB),vivo,Y16,10699,4.2,152,Steller Black,Yes,Android 12,64 GB
Tecno Camon 19 Pro Multi-Colour Changing Back-Panel (Mondrian 128 GB),Tecno,Camon 19 Pro Multi-Colour Changing Back-Panel,14940,4.1,13,Mondrian,,Android 12,128 GB